Src Port,Dst Port,Protocol,Flow Duration,Tot Fwd Pkts,Tot Bwd Pkts,TotLen Fwd Pkts,TotLen Bwd Pkts,Fwd Pkt Len Max,Fwd Pkt Len Min,Fwd Pkt Len Mean,Fwd Pkt Len Std,Bwd Pkt Len Max,Bwd Pkt Len Min,Bwd Pkt Len Mean,Bwd Pkt Len Std,Flow Byts/s,Flow Pkts/s,Flow IAT Mean,Flow IAT Std,Flow IAT Max,Flow IAT Min,Fwd IAT Tot,Fwd IAT Mean,Fwd IAT Std,Fwd IAT Max,Fwd IAT Min,Bwd IAT Tot,Bwd IAT Mean,Bwd IAT Std,Bwd IAT Max,Bwd IAT Min,Fwd PSH Flags,Bwd PSH Flags,Fwd URG Flags,Bwd URG Flags,Fwd Header Len,Bwd Header Len,Fwd Pkts/s,Bwd Pkts/s,Pkt Len Min,Pkt Len Max,Pkt Len Mean,Pkt Len Std,Pkt Len Var,FIN Flag Cnt,SYN Flag Cnt,RST Flag Cnt,PSH Flag Cnt,ACK Flag Cnt,URG Flag Cnt,CWE Flag Count,ECE Flag Cnt,Down/Up Ratio,Pkt Size Avg,Fwd Seg Size Avg,Bwd Seg Size Avg,Fwd Byts/b Avg,Fwd Pkts/b Avg,Fwd Blk Rate Avg,Bwd Byts/b Avg,Bwd Pkts/b Avg,Bwd Blk Rate Avg,Subflow Fwd Pkts,Subflow Fwd Byts,Subflow Bwd Pkts,Subflow Bwd Byts,Init Fwd Win Byts,Init Bwd Win Byts,Fwd Act Data Pkts,Fwd Seg Size Min,Active Mean,Active Std,Active Max,Active Min,Idle Mean,Idle Std,Idle Max,Idle Min,Src IP_octet1,Src IP_octet2,Src IP_octet3,Src IP_octet4,Dst IP_octet1,Dst IP_octet2,Dst IP_octet3,Dst IP_octet4
0.5052771453839109,-0.5730296988866757,2.3668763609938437,-0.32270408332917105,-0.4680081039806013,-0.5009892302387697,-0.23176720350360916,-0.22957126962384777,-0.43478495435534653,2.3990530469925604,-0.26975849249874545,-0.5470253644136008,-0.33213378386604253,2.596951259853937,0.3709453395206382,-0.6393262976372862,0.14482601146104987,-0.12490782120621144,-0.18390742104045535,-0.333589612243277,-0.32575410205760685,-0.1483646245911602,-0.2972608967733543,-0.20090716208239723,-0.24033273795833937,-0.2797223842391659,-0.1486598708475823,-0.25728934112964524,-0.3496832464118788,-0.29423755816416164,-0.26040238606199867,-0.27075322872372104,-0.22941573387056183,0.0,0.0,0.0,-0.8127944933281115,-0.6647095926526736,-0.0846819619118205,-0.12015259256693148,2.3990530469925604,-0.4423521998306604,-0.0055188856551924076,-0.4122751085741685,-0.30843898257742675,-0.16012815380508716,-0.4445276036638913,-0.3144854510165755,-0.47643873166512696,-1.0944415004020078,-0.14285714285714288,-0.2847473987257497,-0.4445276036638914,0.551888922570716,0.23649972166071656,-0.26975849249874545,0.3709453395206382,0.0,0.0,0.0,0.0,0.0,0.0,-0.4680081039806013,-0.23176720350360916,-0.5009892302387697,-0.22957126962384777,-0.36809072544012517,-0.5474374282598455,-0.5023932788459589,-0.03942252817683768,-0.08372342095301777,-0.07376490539589507,-0.07956147994724865,-0.12704828537683235,-0.2620717643129237,-0.11839287202604867,-0.2635246497447018,-0.26009617986738126,0.7593476176226064,-0.8010192021524585,-0.4257062607298062,0.1640588807621407,0.5422978942754947,-0.6575548908898429,-1.2870423510358928,-0.7960402721368784
1.0079327617227272,-0.5730296988866757,2.3668763609938437,-0.322656242445727,-0.4680081039806013,-0.5009892302387697,-0.23052775698300748,-0.2283861001914313,-0.4310240828344214,2.5395951118427393,-0.2532604118600338,-0.5470253644136008,-0.3255444815375822,2.6611157614151444,0.39275189945658034,-0.6393262976372862,-0.07059942633990889,-0.12892199665358903,-0.18376348119958127,-0.333589612243277,-0.3256587397376845,-0.14822081452193783,-0.2972608967733543,-0.20090716208239723,-0.24033273795833937,-0.2797223842391659,-0.1486598708475823,-0.25728934112964524,-0.3496832464118788,-0.29423755816416164,-0.26040238606199867,-0.27075322872372104,-0.22941573387056183,0.0,0.0,0.0,-0.8127944933281115,-0.6647095926526736,-0.08685072779506622,-0.12533443981738038,2.5395951118427393,-0.43750503568612104,0.017399155071254013,-0.40908192390031095,-0.3080015184006876,-0.16012815380508716,-0.4445276036638913,-0.3144854510165755,-0.47643873166512696,-1.0944415004020078,-0.14285714285714288,-0.2847473987257497,-0.4445276036638914,0.551888922570716,0.26902739766112527,-0.2532604118600338,0.39275189945658034,0.0,0.0,0.0,0.0,0.0,0.0,-0.4680081039806013,-0.23052775698300748,-0.5009892302387697,-0.2283861001914313,-0.36809072544012517,-0.5474374282598455,-0.5023932788459589,-0.03942252817683768,-0.08372342095301777,-0.07376490539589507,-0.07956147994724865,-0.12704828537683235,-0.2620717643129237,-0.11839287202604867,-0.2635246497447018,-0.26009617986738126,0.7593476176226064,-0.8010192021524585,-0.3926481158468859,-0.7046846833551019,0.5422978942754947,-0.6575548908898429,-1.2870423510358928,-0.7960402721368784
0.45739929071417873,-0.5551760317275637,-0.4087782201290008,-0.3227491915793721,-0.11809550287360965,-0.7261529292224864,-0.20883744287247813,-0.28448411999247825,-0.42350233979257124,-0.4117882500110253,-0.38799473707617926,-0.4418456763156062,-0.6374381250847041,-0.3760039791486757,-0.6394252708446829,-0.6393262976372862,0.5908731285105238,-0.07476355867446019,-0.18406297854232714,-0.33350299529910205,-0.3258453593770027,-0.14853783953380797,-0.2972477648005156,-0.2008875677872541,-0.24027146334066282,-0.279697570291636,-0.1486578470015762,-0.25728934112964524,-0.3496832464118788,-0.29423755816416164,-0.26040238606199867,-0.27075322872372104,4.358898943540674,0.0,0.0,0.0,-0.19936468704274438,-0.7400734920464007,-0.02568689759718306,-0.13164874375170219,-0.4117882500110253,-0.5926142883113801,-0.4204991230947741,-0.6084645279640933,-0.3268833735768489,-0.16012815380508716,2.249579085208177,-0.3144854510165755,-0.47643873166512696,0.9137080416200247,-0.14285714285714288,-0.2847473987257497,-0.4445276036638914,-1.200139403050605,-0.40011336577585366,-0.38799473707617915,-0.6394252708446829,0.0,0.0,0.0,0.0,0.0,0.0,-0.11809550287360965,-0.20883744287247813,-0.7261529292224864,-0.28448411999247825,-0.32028110143639793,-0.5474374282598455,-0.08890086827315324,1.2746617443844204,-0.08372342095301777,-0.07376490539589507,-0.07956147994724865,-0.12704828537683235,-0.2620717643129237,-0.11839287202604867,-0.2635246497447018,-0.26009617986738126,0.7593476176226064,-0.8010192021524585,-0.4091771882883461,0.4313645927982154,-0.9778735484876193,0.45714591602891685,-0.8556231962067777,1.4643119341704744
0.7550585112190253,-0.5717936757756602,-0.4087782201290008,-0.32261628263496944,-0.4680081039806013,-0.5009892302387697,-0.2565561339156427,-0.28448411999247825,-0.5100023847738482,-0.4117882500110253,-0.5997201052729793,-0.5470253644136008,-0.6374381250847041,-0.3760039791486757,-0.6394252708446829,-0.6393262976372862,-0.3499453845224995,-0.1302598845875727,-0.18364325330269224,-0.333589612243277,-0.32557908693900767,-0.1481006950187546,-0.2972608967733543,-0.20090716208239723,-0.24033273795833937,-0.2797223842391659,-0.1486598708475823,-0.25728934112964524,-0.3496832464118788,-0.29423755816416164,-0.26040238606199867,-0.27075322872372104,-0.22941573387056183,0.0,0.0,0.0,-0.671233768800719,-0.5516637435620828,-0.08757355761276277,-0.1270615020753719,-0.4117882500110253,-0.6669374718609833,-0.7225261598111561,-0.7284003912860656,-0.3299846428599375,-0.16012815380508716,-0.4445276036638913,-0.3144854510165755,-0.47643873166512696,0.9137080416200247,-0.14285714285714288,-0.2847473987257497,-0.4445276036638914,0.551888922570716,-0.7811518560663556,-0.5997201052729793,-0.6394252708446829,0.0,0.0,0.0,0.0,0.0,0.0,-0.4680081039806013,-0.2565561339156427,-0.5009892302387697,-0.28448411999247825,-0.36809072544012517,1.3163985904173607,-0.5023932788459589,-0.915478709884343,-0.08372342095301777,-0.07376490539589507,-0.07956147994724865,-0.12704828537683235,-0.2620717643129237,-0.11839287202604867,-0.2635246497447018,-0.26009617986738126,-1.3616197010294544,1.3243298911318855,-1.367863389893035,-1.0722300374047047,0.5422978942754947,-0.6575548908898429,-0.26056229299420525,-0.4144223671758968
0.23075270220009764,-0.5717936757756602,-0.4087782201290008,-0.32275699344529796,-0.4680081039806013,-0.5009892302387697,-0.2565561339156427,-0.28448411999247825,-0.5100023847738482,-0.4117882500110253,-0.5997201052729793,-0.5470253644136008,-0.6374381250847041,-0.3760039791486757,-0.6394252708446829,-0.6393262976372862,-0.3499453845224995,-0.037423191130816345,-0.18406661278499822,-0.333589612243277,-0.3258595689942097,-0.14852367281341275,-0.2972608967733543,-0.20090716208239723,-0.24033273795833937,-0.2797223842391659,-0.1486598708475823,-0.25728934112964524,-0.3496832464118788,-0.29423755816416164,-0.26040238606199867,-0.27075322872372104,-0.22941573387056183,0.0,0.0,0.0,-0.5296730442733266,-0.4386178944714921,-0.03741604553543487,-0.007219813281242713,-0.4117882500110253,-0.6669374718609833,-0.7225261598111561,-0.7284003912860656,-0.3299846428599375,-0.16012815380508716,-0.4445276036638913,-0.3144854510165755,-0.47643873166512696,0.9137080416200247,-0.14285714285714288,-0.2847473987257497,-0.4445276036638914,0.551888922570716,-0.7811518560663556,-0.5997201052729793,-0.6394252708446829,0.0,0.0,0.0,0.0,0.0,0.0,-0.4680081039806013,-0.2565561339156427,-0.5009892302387697,-0.28448411999247825,-0.36809072544012517,-0.5345712154793376,-0.5023932788459589,-0.915478709884343,-0.08372342095301777,-0.07376490539589507,-0.07956147994724865,-0.12704828537683235,-0.2620717643129237,-0.11839287202604867,-0.2635246497447018,-0.26009617986738126,-1.3616197010294544,1.3243298911318855,1.6734859393356336,-0.754804504361866,0.5422978942754947,-0.6575548908898429,-0.26056229299420525,-0.45845520236370235
0.6721279636386366,-0.555084474460081,-0.4087782201290008,-0.28103899061781784,0.23181709823338198,0.3996655656960971,-0.07931528146960284,-0.21732451882221077,-0.3163175014462064,-0.4117882500110253,-0.12787499900582489,-0.3117068359848068,-0.3497052567419367,-0.3760039791486757,-0.3922842582373382,-0.32196991433036415,-0.3481843134373676,-0.13375122728919694,-0.17013459456105748,-0.2798948427285746,-0.30280422824894637,-0.1485364109569614,-0.2557173683208004,-0.16991348855813038,-0.186658287124417,-0.2461966209472216,-0.14865379930956396,-0.2101520579642769,-0.17847352030451077,-0.24041739464292838,-0.21466265860534425,0.13017958752504402,-0.22941573387056183,0.0,0.0,0.0,0.4140651192426227,0.3150210994657795,-0.0894598490908665,-0.13156843128560494,-0.4117882500110253,-0.45527797088276534,-0.3153588908010447,-0.44018087902224246,-0.3120749513936694,-0.16012815380508716,-0.4445276036638913,-0.3144854510165755,2.098905763822046,-1.0944415004020078,-0.14285714285714288,-0.2847473987257497,-0.4445276036638914,0.551888922570716,-0.35736270588960223,-0.12787499900582489,-0.3922842582373382,0.0,0.0,0.0,0.0,0.0,0.0,0.23181709823338198,-0.07931528146960284,0.3996655656960971,-0.21732451882221077,1.1442808941063516,-0.547380498114799,0.738083952872458,1.2746617443844204,-0.08372342095301777,-0.07376490539589507,-0.07956147994724865,-0.12704828537683235,-0.2620717643129237,-0.11839287202604867,-0.2635246497447018,-0.26009617986738126,-1.1137144300181745,-0.337512219042575,0.8800904621455461,2.9373556431364154,0.5422978942754947,-0.6575548908898429,-0.3200683833154625,0.950595523646076
1.0653367011717085,-0.5730296988866757,2.3668763609938437,-0.3227112119376313,-0.4680081039806013,-0.5009892302387697,-0.23486581980511334,-0.25880544895678775,-0.44418713315765923,2.047697884867112,-0.3110036940955247,-0.5470253644136008,-0.4946699079680638,1.0142268880108194,-0.16694980556593564,-0.6393262976372862,-0.03502784517949284,-0.12366710001068897,-0.1839288690299896,-0.333589612243277,-0.3257683116748138,-0.1483860532438589,-0.2972608967733543,-0.20090716208239723,-0.24033273795833937,-0.2797223842391659,-0.1486598708475823,-0.25728934112964524,-0.3496832464118788,-0.29423755816416164,-0.26040238606199867,-0.27075322872372104,-0.22941573387056183,0.0,0.0,0.0,-0.8127944933281115,-0.6647095926526736,-0.08401162902907945,-0.11855096159691698,2.047697884867112,-0.5619155820626308,-0.28053537437254833,-0.6326048510703391,-0.328006161658605,-0.16012815380508716,-0.4445276036638913,-0.3144854510165755,-0.47643873166512696,-1.0944415004020078,-0.14285714285714288,-0.2847473987257497,-0.4445276036638914,0.551888922570716,-0.15383239034418783,-0.3110036940955247,-0.16694980556593564,0.0,0.0,0.0,0.0,0.0,0.0,-0.4680081039806013,-0.23486581980511334,-0.5009892302387697,-0.25880544895678775,-0.36809072544012517,-0.5474374282598455,-0.5023932788459589,-0.03942252817683768,-0.08372342095301777,-0.07376490539589507,-0.07956147994724865,-0.12704828537683235,-0.2620717643129237,-0.11839287202604867,-0.2635246497447018,-0.26009617986738126,0.7593476176226064,-0.8010192021524585,-0.4257062607298062,-0.604445041341574,0.5422978942754947,-0.6575548908898429,-1.2870423510358928,-0.7960402721368784
-1.5885645367874779,1.818446127759497,-0.4087782201290008,-0.32272725130666674,-0.11809550287360965,-0.5009892302387697,-0.20573882657097395,-0.28448411999247825,-0.41410016099025854,-0.4117882500110253,-0.3742463365439195,-0.4318126046304919,-0.6374381250847041,-0.3760039791486757,-0.6394252708446829,-0.6393262976372862,0.02619468073291762,-0.10425521416028193,-0.18404758762391138,-0.3333854606335608,-0.32580154639061454,-0.1485398633510073,-0.29722591761447165,-0.20085496947040943,-0.24015096342362668,-0.2796527324307513,-0.1486598708475823,-0.25728934112964524,-0.3496832464118788,-0.29423755816416164,-0.26040238606199867,-0.27075322872372104,4.358898943540674,0.0,0.0,0.0,-0.19936468704274438,-0.5516637435620828,-0.06553902486932037,-0.11257057628385271,-0.4117882500110253,-0.5845356814038145,-0.4612604955296679,-0.5867114792263028,-0.3256563854851558,-0.16012815380508716,2.249579085208177,-0.3144854510165755,-0.47643873166512696,0.9137080416200247,-0.14285714285714288,-0.2847473987257497,-0.4445276036638914,-1.200139403050605,-0.4721389340624729,-0.37424633654391953,-0.6394252708446829,0.0,0.0,0.0,0.0,0.0,0.0,-0.11809550287360965,-0.20573882657097395,-0.5009892302387697,-0.28448411999247825,-0.34760088658138494,-0.547380498114799,-0.08890086827315324,1.2746617443844204,-0.08372342095301777,-0.07376490539589507,-0.07956147994724865,-0.12704828537683235,-0.2620717643129237,-0.11839287202604867,-0.2635246497447018,-0.26009617986738126,1.2000680994204371,1.516515713396959,2.1032418228135974,2.402744219064266,0.5422978942754947,-0.6575548908898429,-0.3349449058957768,0.5249447834972888
0.8119675891210326,-0.555084474460081,-0.4087782201290008,-0.3153349635401862,-0.11809550287360965,-0.5009892302387697,-0.2565561339156427,-0.28448411999247825,-0.5100023847738482,-0.4117882500110253,-0.5997201052729793,-0.5470253644136008,-0.6374381250847041,-0.3760039791486757,-0.6394252708446829,-0.6393262976372862,-0.3499453845224995,-0.13367364565876408,-0.17663381201191508,-0.2895022435548177,-0.3111257747969374,-0.14853331570712716,-0.28986499333180205,-0.189871690362836,-0.2021914402389311,-0.2650514518627193,-0.14857486931532563,-0.25728934112964524,-0.3496832464118788,-0.29423755816416164,-0.26040238606199867,-0.27075322872372104,-0.22941573387056183,0.0,0.0,0.0,-0.05780396251535196,-0.4386178944714921,-0.08938016911260087,-0.13155851295619186,-0.4117882500110253,-0.6669374718609833,-0.7225261598111561,-0.7284003912860656,-0.3299846428599375,-0.16012815380508716,-0.4445276036638913,-0.3144854510165755,2.098905763822046,-1.0944415004020078,-0.14285714285714288,-0.2847473987257497,-0.4445276036638914,-1.200139403050605,-0.7811518560663556,-0.5997201052729793,-0.6394252708446829,0.0,0.0,0.0,0.0,0.0,0.0,-0.11809550287360965,-0.2565561339156427,-0.5009892302387697,-0.28448411999247825,1.1442808941063516,-0.08100874989391038,-0.5023932788459589,1.2746617443844204,-0.08372342095301777,-0.07376490539589507,-0.07956147994724865,-0.12704828537683235,-0.2620717643129237,-0.11839287202604867,-0.2635246497447018,-0.26009617986738126,0.993480373577704,-0.6201384282559186,1.2602591282991296,1.4337610129334954,0.5422978942754947,-0.6575548908898429,-0.3200683833154625,0.20203732545338124
-0.08868042637160398,-0.5717936757756602,-0.4087782201290008,-0.3220093212279626,-0.4680081039806013,-0.5009892302387697,-0.2565561339156427,-0.28448411999247825,-0.5100023847738482,-0.4117882500110253,-0.5997201052729793,-0.5470253644136008,-0.6374381250847041,-0.3760039791486757,-0.6394252708446829,-0.6393262976372862,-0.3499453845224995,-0.13312403522949753,-0.18181707614935103,-0.333589612243277,-0.3243692169761519,-0.14627616428953125,-0.2972608967733543,-0.20090716208239723,-0.24033273795833937,-0.2797223842391659,-0.1486598708475823,-0.25728934112964524,-0.3496832464118788,-0.29423755816416164,-0.26040238606199867,-0.27075322872372104,-0.22941573387056183,0.0,0.0,0.0,-0.5296730442733266,-0.4386178944714921,-0.08912099176907025,-0.13075879715459557,-0.4117882500110253,-0.6669374718609833,-0.7225261598111561,-0.7284003912860656,-0.3299846428599375,-0.16012815380508716,-0.4445276036638913,-0.3144854510165755,-0.47643873166512696,0.9137080416200247,-0.14285714285714288,-0.2847473987257497,-0.4445276036638914,0.551888922570716,-0.7811518560663556,-0.5997201052729793,-0.6394252708446829,0.0,0.0,0.0,0.0,0.0,0.0,-0.4680081039806013,-0.2565561339156427,-0.5009892302387697,-0.28448411999247825,-0.36809072544012517,-0.5345712154793376,-0.5023932788459589,-0.915478709884343,-0.08372342095301777,-0.07376490539589507,-0.07956147994724865,-0.12704828537683235,-0.2620717643129237,-0.11839287202604867,-0.2635246497447018,-0.26009617986738126,-1.3616197010294544,1.3243298911318855,1.6734859393356336,-0.754804504361866,0.5422978942754947,-0.6575548908898429,-0.26056229299420525,-0.45845520236370235
0.5397937382853457,-0.5730296988866757,2.3668763609938437,-0.32271057828354593,-0.4680081039806013,-0.5009892302387697,-0.2292883104624058,-0.2449784722452621,-0.4272632113134963,2.6801371766929187,-0.23676233122132206,-0.5470253644136008,-0.4177947141360267,1.7628127395582398,0.08746006035338982,-0.6393262976372862,0.09798870079621386,-0.12379121428862368,-0.18392696254203098,-0.333589612243277,-0.32576704859772876,-0.1483841484747301,-0.2972608967733543,-0.20090716208239723,-0.24033273795833937,-0.2797223842391659,-0.1486598708475823,-0.25728934112964524,-0.3496832464118788,-0.29423755816416164,-0.26040238606199867,-0.27075322872372104,-0.22941573387056183,0.0,0.0,0.0,-0.8127944933281115,-0.6647095926526736,-0.0840786850945497,-0.11871117911562994,2.6801371766929187,-0.5053653337096718,-0.10701306601516895,-0.549582049550043,-0.32309073502951674,-0.16012815380508716,-0.4445276036638913,-0.3144854510165755,-0.47643873166512696,-1.0944415004020078,-0.14285714285714288,-0.2847473987257497,-0.4445276036638914,0.551888922570716,0.09244858508747804,-0.23676233122132206,0.08746006035338982,0.0,0.0,0.0,0.0,0.0,0.0,-0.4680081039806013,-0.2292883104624058,-0.5009892302387697,-0.2449784722452621,-0.36809072544012517,-0.5474374282598455,-0.5023932788459589,-0.03942252817683768,-0.08372342095301777,-0.07376490539589507,-0.07956147994724865,-0.12704828537683235,-0.2620717643129237,-0.11839287202604867,-0.2635246497447018,-0.26009617986738126,0.7593476176226064,-0.8010192021524585,-0.4091771882883461,-0.06983361726942462,0.5422978942754947,-0.6575548908898429,-1.2870423510358928,-0.7960402721368784
-1.6035340985834408,1.2907558166233861,-0.4087782201290008,-0.15474547407301223,0.05686079767988617,0.1745018667123804,0.32288511446564144,-0.14502918344480523,1.2482050512586282,-0.4117882500110253,1.3284930693764494,1.5490195500084287,0.13790311556412718,-0.3760039791486757,0.0020510339376162722,0.346938255756429,-0.3487101355506093,-0.13380108243631558,-0.11186626263817522,0.306176265753647,0.0014792515440379859,-0.14853926811065457,-0.2934834236614993,-0.1971495686140028,-0.22576991751956474,-0.27266674242443234,-0.14865641840439542,-0.06773173650963339,0.5683191892879641,0.44934131851895215,0.2063076070885485,-0.26389197135989856,-0.22941573387056183,0.0,0.0,0.0,0.6971865682974075,0.541112797646961,-0.08948678467043758,-0.1316327886512468,-0.4117882500110253,0.8437620198537786,0.6831136714108853,1.0363652952558537,0.3414680938160946,-0.16012815380508716,-0.4445276036638913,-0.3144854510165755,-0.47643873166512696,0.9137080416200247,-0.14285714285714288,-0.2847473987257497,-0.4445276036638914,0.551888922570716,0.7151212399524446,1.3284930693764494,0.0020510339376162722,0.0,0.0,0.0,0.0,0.0,0.0,0.05686079767988617,0.32288511446564144,0.1745018667123804,-0.14502918344480523,-0.36809072544012517,-0.5353682375099885,-0.08890086827315324,-0.915478709884343,-0.08372342095301777,-0.07376490539589507,-0.07956147994724865,-0.12704828537683235,-0.2620717643129237,-0.11839287202604867,-0.2635246497447018,-0.26009617986738126,0.7593476176226064,-0.8010192021524585,-0.3761190434054258,-0.6712714693505926,-1.8465429443522559,1.5718467229476767,1.5841265069647696,-0.531843261010045
-0.06026712588284818,-0.5717936757756602,-0.4087782201290008,1.1958418729004168,0.4067733987868778,1.300320361630964,-0.05390662779726846,-0.08379542943662019,-0.17340438365105323,-0.4117882500110253,-0.1501474078680857,-0.25850476328479793,0.47835040253457717,-0.3760039791486757,-0.22913888390177076,0.30689163083109405,-0.34985678457114844,-0.13381087821468518,0.14227829341586076,1.4290895223030562,0.46818015591673534,-0.14853950620679565,1.1446694717543167,0.6596980055872252,1.0156234531766037,0.5101325782890163,-0.14611696786578604,1.4584113977103177,2.766158756493506,1.2154821484099798,0.871694895177277,-0.27017728376252426,-0.22941573387056183,0.0,0.0,0.0,1.357803282758572,2.123754684915231,-0.08949235415807243,-0.13164477192372245,-0.4117882500110253,0.1538489899476788,-0.2099396239205484,-0.010090766352886377,-0.21874368546894557,-0.16012815380508716,2.249579085208177,-0.3144854510165755,-0.47643873166512696,-1.0944415004020078,-0.14285714285714288,-0.2847473987257497,-0.4445276036638914,0.551888922570716,-0.2638069139646173,-0.1501474078680857,-0.22913888390177076,0.0,0.0,0.0,0.0,0.0,0.0,0.4067733987868778,-0.05390662779726846,1.300320361630964,-0.08379542943662019,-0.36809072544012517,-0.5335464728685008,1.5650687740180693,-0.915478709884343,-0.08185780246121571,-0.07076101129796643,-0.07558538062474114,-0.12704139783997942,0.4863678432280707,6.480219269478503,0.5583194516373271,0.2809928456217352,1.0347979187462506,0.7477724243366645,-0.5909969851444078,-1.0722300374047047,-0.621098618043215,-0.147638564320623,0.2601159973167958,2.1248044619875577
-1.6035340985834408,1.7091725290189836,-0.4087782201290008,-0.14316029722375553,0.05686079767988617,0.3996655656960971,0.32288511446564144,-0.0008335691674662662,1.2482050512586282,-0.4117882500110253,1.3284930693764494,1.5490195500084287,0.15108172022104782,-0.3760039791486757,0.4043820647557495,0.45943610654728684,-0.3484623437000599,-0.13380043438476671,-0.11653626234273086,0.2766574646467742,0.009496554399164274,-0.14853950620679565,-0.2859522569561729,-0.18965803605153084,-0.20209193918172466,-0.26039443929244166,-0.14865653745416046,-0.05619527189710687,0.38072076084355233,0.3605476457204924,0.21773806509312624,-0.24941822407417086,-0.22941573387056183,0.0,0.0,0.0,0.6971865682974075,0.8425683952218697,-0.08948721541411267,-0.13163008634966708,-0.4117882500110253,0.8437620198537786,0.901053325366663,0.9800241353120707,0.2992794369799104,-0.16012815380508716,-0.4445276036638913,-0.3144854510165755,-0.47643873166512696,0.9137080416200247,-0.14285714285714288,-0.2847473987257497,-0.4445276036638914,0.551888922570716,0.9257766654789005,1.3284930693764494,0.4043820647557495,0.0,0.0,0.0,0.0,0.0,0.0,0.05686079767988617,0.32288511446564144,0.3996655656960971,-0.0008335691674662662,-0.36809072544012517,-0.5353682375099885,-0.08890086827315324,-0.915478709884343,-0.08372342095301777,-0.07376490539589507,-0.07956147994724865,-0.12704828537683235,-0.2620717643129237,-0.11839287202604867,-0.2635246497447018,-0.26009617986738126,0.7593476176226064,-0.8010192021524585,-0.3761190434054258,-0.6712714693505926,-1.8465429443522559,1.5718467229476767,1.5841265069647696,-0.531843261010045
0.7825645655383289,-0.5717936757756602,-0.4087782201290008,-0.1154834352735969,-0.29305180342710546,-0.7261529292224864,-0.2565561339156427,-0.28448411999247825,-0.5100023847738482,-0.4117882500110253,-0.5997201052729793,-0.5470253644136008,-0.6374381250847041,-0.3760039791486757,-0.6394252708446829,-0.6393262976372862,-0.3499453845224995,-0.13381093757006982,0.4395615653087748,-0.333589612243277,0.08730352380083091,0.4745422616496591,-0.09086138121368983,0.4150327389425294,-0.24033273795833937,0.13126804474270842,0.4744311230351,-0.25728934112964524,-0.3496832464118788,-0.29423755816416164,-0.26040238606199867,-0.27075322872372104,-0.22941573387056183,0.0,0.0,0.0,-0.4352992279217317,-0.7400734920464007,-0.08949075595994677,-0.13164874375170219,-0.4117882500110253,-0.6669374718609833,-0.7225261598111561,-0.7284003912860656,-0.3299846428599375,-0.16012815380508716,-0.4445276036638913,-0.3144854510165755,-0.47643873166512696,0.9137080416200247,-0.14285714285714288,-0.2847473987257497,-0.4445276036638914,-1.200139403050605,-0.7811518560663556,-0.5997201052729793,-0.6394252708446829,0.0,0.0,0.0,0.0,0.0,0.0,-0.29305180342710546,-0.2565561339156427,-0.7261529292224864,-0.28448411999247825,0.010325217446519236,-0.5474374282598455,-0.5023932788459589,1.2746617443844204,-0.08372342095301777,-0.07376490539589507,-0.07956147994724865,-0.12704828537683235,0.1667092727215178,-0.11839287202604867,0.1641112384232489,0.16972665534925008,-1.3616197010294544,1.2904147460262843,-1.1199273032711328,-0.38725915031226327,0.5422978942754947,-0.6575548908898429,-0.26056229299420525,-0.45845520236370235
0.5093185146841984,-0.5730296988866757,2.3668763609938437,-0.32274800347796206,-0.4680081039806013,-0.5009892302387697,-0.23424609654481252,-0.26394118316392584,-0.4423066973971967,2.1179689172922016,-0.30275465377616884,-0.5470253644136008,-0.5232235513913919,0.7361807145789204,-0.2614448986216851,-0.6393262976372862,0.6364145205227483,-0.0977002903041903,-0.1840395644870856,-0.333589612243277,-0.32584164908806534,-0.14849664890139827,-0.2972608967733543,-0.20090716208239723,-0.24033273795833937,-0.2797223842391659,-0.1486598708475823,-0.25728934112964524,-0.3496832464118788,-0.29423755816416164,-0.26040238606199867,-0.27075322872372104,-0.22941573387056183,0.0,0.0,0.0,-0.8127944933281115,-0.6647095926526736,-0.06998236405886527,-0.08503074225312782,2.1179689172922016,-0.5829199600223014,-0.31654943837124966,-0.6773094365043448,-0.3294218748737807,-0.16012815380508716,-0.4445276036638913,-0.3144854510165755,-0.47643873166512696,-1.0944415004020078,-0.14285714285714288,-0.2847473987257497,-0.4445276036638914,0.551888922570716,-0.20494730977340148,-0.30275465377616884,-0.2614448986216851,0.0,0.0,0.0,0.0,0.0,0.0,-0.4680081039806013,-0.23424609654481252,-0.5009892302387697,-0.26394118316392584,-0.36809072544012517,-0.5474374282598455,-0.5023932788459589,-0.03942252817683768,-0.08372342095301777,-0.07376490539589507,-0.07956147994724865,-0.12704828537683235,-0.2620717643129237,-0.11839287202604867,-0.2635246497447018,-0.26009617986738126,0.7593476176226064,-0.8010192021524585,-0.4257062607298062,0.1640588807621407,0.5422978942754947,-0.6575548908898429,-1.2870423510358928,-0.7960402721368784
0.9694985149077484,-0.5717936757756602,-0.4087782201290008,-0.3226672917888403,-0.4680081039806013,-0.5009892302387697,-0.2565561339156427,-0.28448411999247825,-0.5100023847738482,-0.4117882500110253,-0.5997201052729793,-0.5470253644136008,-0.6374381250847041,-0.3760039791486757,-0.6394252708446829,-0.6393262976372862,-0.3499453845224995,-0.12835360293583187,-0.18379672558335933,-0.333589612243277,-0.3256807646443553,-0.14825402893362083,-0.2972608967733543,-0.20090716208239723,-0.24033273795833937,-0.2797223842391659,-0.1486598708475823,-0.25728934112964524,-0.3496832464118788,-0.29423755816416164,-0.26040238606199867,-0.27075322872372104,-0.22941573387056183,0.0,0.0,0.0,-0.671233768800719,-0.5516637435620828,-0.08654363785356198,-0.12460070770672822,-0.4117882500110253,-0.6669374718609833,-0.7225261598111561,-0.7284003912860656,-0.3299846428599375,-0.16012815380508716,-0.4445276036638913,-0.3144854510165755,-0.47643873166512696,0.9137080416200247,-0.14285714285714288,-0.2847473987257497,-0.4445276036638914,0.551888922570716,-0.7811518560663556,-0.5997201052729793,-0.6394252708446829,0.0,0.0,0.0,0.0,0.0,0.0,-0.4680081039806013,-0.2565561339156427,-0.5009892302387697,-0.28448411999247825,-0.36809072544012517,1.3163985904173607,-0.5023932788459589,-0.915478709884343,-0.08372342095301777,-0.07376490539589507,-0.07956147994724865,-0.12704828537683235,-0.2620717643129237,-0.11839287202604867,-0.2635246497447018,-0.26009617986738126,-1.3616197010294544,1.2904147460262843,1.7891894464258546,2.068612079019173,0.5422978942754947,-0.6575548908898429,-0.26056229299420525,-0.4144223671758968
0.47665765258391596,-0.5717936757756602,-0.4087782201290008,-0.320876624947015,-0.29305180342710546,0.3996655656960971,0.014882654096124633,0.054474337678636346,0.313628478308745,-0.4117882500110253,1.2068197246659507,0.8415775806662161,1.2471023408549484,-0.3760039791486757,0.6079099574912098,1.5048031460910867,-0.23920361594950107,-0.13284986361281292,-0.18313719990518212,-0.3287222085105469,-0.3240257389513323,-0.14853950620679565,-0.29725853065212215,-0.20090010107513845,-0.24033273795833937,-0.2797176727301412,-0.14865272786167838,-0.2551588384109013,-0.3419449390158526,-0.29009594944116235,-0.2577725444749905,-0.27067810546791277,-0.22941573387056183,0.0,0.0,0.0,-0.1521777788669469,0.9179322946155968,-0.08919597713719388,-0.12987178489921747,-0.4117882500110253,0.7193514734772688,0.8686406677678318,1.0429921073807482,0.3465202607133964,-0.16012815380508716,2.249579085208177,-0.3144854510165755,-0.47643873166512696,-1.0944415004020078,-0.14285714285714288,-0.2847473987257497,-0.4445276036638914,2.303917248192037,0.9394958213430193,1.2068197246659507,0.6079099574912098,0.0,0.0,0.0,0.0,0.0,0.0,-0.29305180342710546,0.014882654096124633,0.3996655656960971,0.054474337678636346,-0.36809072544012517,-0.5456156636183577,-0.08890086827315324,-0.915478709884343,-0.08372342095301777,-0.07376490539589507,-0.07956147994724865,-0.12704828537683235,-0.2620717643129237,-0.11839287202604867,-0.2635246497447018,-0.26009617986738126,1.0347979187462506,0.7477724243366645,-1.351334317451575,-0.23689968729197128,0.6353696152609914,1.9987534149591166,-0.05229097686980482,-0.810717883866147
0.45228572139544765,-0.5717936757756602,-0.4087782201290008,-0.32220262532737537,-0.4680081039806013,-0.5009892302387697,-0.2565561339156427,-0.28448411999247825,-0.5100023847738482,-0.4117882500110253,-0.5997201052729793,-0.5470253644136008,-0.6374381250847041,-0.3760039791486757,-0.6394252708446829,-0.6393262976372862,-0.3499453845224995,-0.1328859571497972,-0.18239867413222055,-0.333589612243277,-0.32475453442941427,-0.14685723792187755,-0.2972608967733543,-0.20090716208239723,-0.24033273795833937,-0.2797223842391659,-0.1486598708475823,-0.25728934112964524,-0.3496832464118788,-0.29423755816416164,-0.26040238606199867,-0.27075322872372104,-0.22941573387056183,0.0,0.0,0.0,-0.5296730442733266,-0.4386178944714921,-0.08899236370495808,-0.13045146523578438,-0.4117882500110253,-0.6669374718609833,-0.7225261598111561,-0.7284003912860656,-0.3299846428599375,-0.16012815380508716,-0.4445276036638913,-0.3144854510165755,-0.47643873166512696,0.9137080416200247,-0.14285714285714288,-0.2847473987257497,-0.4445276036638914,0.551888922570716,-0.7811518560663556,-0.5997201052729793,-0.6394252708446829,0.0,0.0,0.0,0.0,0.0,0.0,-0.4680081039806013,-0.2565561339156427,-0.5009892302387697,-0.28448411999247825,-0.36809072544012517,-0.5345712154793376,-0.5023932788459589,-0.915478709884343,-0.08372342095301777,-0.07376490539589507,-0.07956147994724865,-0.12704828537683235,-0.2620717643129237,-0.11839287202604867,-0.2635246497447018,-0.26009617986738126,-1.3616197010294544,1.3243298911318855,1.6734859393356336,-0.754804504361866,0.5422978942754947,-0.6575548908898429,-0.26056229299420525,-0.45845520236370235
0.4484505444063993,-0.5717936757756602,-0.4087782201290008,-0.3227323205393496,-0.11809550287360965,0.1745018667123804,-0.15678068900720768,-0.09169655898606341,-0.20725222733937898,-0.4117882500110253,-0.15702160813421565,-0.1302671026219605,0.4344217203448417,-0.3760039791486757,0.24737483321696582,0.7241215835415609,3.1291175414251398,-0.07336316617902801,-0.18406774476222362,-0.3335500871847443,-0.3258496222621648,-0.1485398633510073,-0.297246739481315,-0.20088603790234805,-0.24031449902531857,-0.2797047946054738,-0.14864379912929848,-0.2572637926364412,-0.3495595184346406,-0.29416811796848474,-0.26035365194374244,-0.27075322872372104,-0.22941573387056183,0.0,0.0,0.0,-0.05780396251535196,0.12661135098146162,-0.06149927783173152,-0.04246648001529908,-0.4117882500110253,0.12153456231741651,0.07428500616011176,0.23277670569965875,-0.13080352101729092,-0.16012815380508716,-0.4445276036638913,3.1797973380564857,2.098905763822046,-1.0944415004020078,-0.14285714285714288,-0.2847473987257497,2.2495790852081776,0.551888922570716,0.08049964288324635,-0.15702160813421565,0.24737483321696582,0.0,0.0,0.0,0.0,0.0,0.0,-0.11809550287360965,-0.15678068900720768,0.1745018667123804,-0.09169655898606341,1.1442808941063516,-0.5388979065028713,-0.08890086827315324,1.2746617443844204,-0.08372342095301777,-0.07376490539589507,-0.07956147994724865,-0.12704828537683235,-0.2620717643129237,-0.11839287202604867,-0.2635246497447018,-0.26009617986738126,0.7593476176226064,-0.8010192021524585,-0.4587644056127265,-0.6211516483438286,0.4957620337827463,1.9868948957365766,1.2270899650372262,2.9027178836387897
0.9207546525308118,-0.5717936757756602,-0.4087782201290008,-0.3154649814378244,-0.29305180342710546,-0.7261529292224864,-0.2565561339156427,-0.28448411999247825,-0.5100023847738482,-0.4117882500110253,-0.5997201052729793,-0.5470253644136008,-0.6374381250847041,-0.3760039791486757,-0.6394252708446829,-0.6393262976372862,-0.3499453845224995,-0.13374229856603065,-0.16212698766845732,-0.333589612243277,-0.31132423578392815,-0.1266038277756352,-0.2899944595985573,-0.17922257342378417,-0.24033273795833937,-0.26525318297412526,-0.1267235230371073,-0.25728934112964524,-0.3496832464118788,-0.29423755816416164,-0.26040238606199867,-0.27075322872372104,-0.22941573387056183,0.0,0.0,0.0,-0.4352992279217317,-0.7400734920464007,-0.08941658783641972,-0.13164874375170219,-0.4117882500110253,-0.6669374718609833,-0.7225261598111561,-0.7284003912860656,-0.3299846428599375,-0.16012815380508716,-0.4445276036638913,-0.3144854510165755,-0.47643873166512696,0.9137080416200247,-0.14285714285714288,-0.2847473987257497,-0.4445276036638914,-1.200139403050605,-0.7811518560663556,-0.5997201052729793,-0.6394252708446829,0.0,0.0,0.0,0.0,0.0,0.0,-0.29305180342710546,-0.2565561339156427,-0.7261529292224864,-0.28448411999247825,0.010325217446519236,-0.5474374282598455,-0.5023932788459589,1.2746617443844204,-0.08372342095301777,-0.07376490539589507,-0.07956147994724865,-0.12704828537683235,-0.2620717643129237,-0.11839287202604867,-0.2635246497447018,-0.26009617986738126,-1.3616197010294544,1.3243298911318855,-1.367863389893035,-1.0722300374047047,0.5422978942754947,-0.6575548908898429,-0.26056229299420525,-0.45845520236370235
0.9574156454691338,-0.5730296988866757,2.3668763609938437,-0.32268412322548246,-0.4680081039806013,-0.5009892302387697,-0.23424609654481252,-0.24932409349745585,-0.4423066973971967,2.1179689172922016,-0.30275465377616884,-0.5470253644136008,-0.44195548934038126,1.5275429005004793,0.007502673921601818,-0.6393262976372862,-0.0925608571748498,-0.12717929539493716,-0.18384736666975954,-0.333589612243277,-0.32571431512942733,-0.14830462436360387,-0.2972608967733543,-0.20090716208239723,-0.24033273795833937,-0.2797223842391659,-0.1486598708475823,-0.25728934112964524,-0.3496832464118788,-0.29423755816416164,-0.26040238606199867,-0.27075322872372104,-0.22941573387056183,0.0,0.0,0.0,-0.8127944933281115,-0.6647095926526736,-0.08590918672791564,-0.1230848092658811,2.1179689172922016,-0.5231382689063161,-0.1954112231028905,-0.5591616035716156,-0.3238095831993342,-0.16012815380508716,-0.4445276036638913,-0.3144854510165755,-0.47643873166512696,-1.0944415004020078,-0.14285714285714288,-0.2847473987257497,-0.4445276036638914,0.551888922570716,-0.03301530805695551,-0.30275465377616884,0.007502673921601818,0.0,0.0,0.0,0.0,0.0,0.0,-0.4680081039806013,-0.23424609654481252,-0.5009892302387697,-0.24932409349745585,-0.36809072544012517,-0.5474374282598455,-0.5023932788459589,-0.03942252817683768,-0.08372342095301777,-0.07376490539589507,-0.07956147994724865,-0.12704828537683235,-0.2620717643129237,-0.11839287202604867,-0.2635246497447018,-0.26009617986738126,0.7593476176226064,-0.8010192021524585,-0.4257062607298062,0.6318438768252713,0.5422978942754947,-0.6575548908898429,-1.2870423510358928,-0.7960402721368784
0.6185592011787037,-0.5730296988866757,2.3668763609938437,-0.3226736283296938,-0.4680081039806013,-0.5009892302387697,-0.23424609654481252,-0.2568301665694269,-0.4423066973971967,2.1179689172922016,-0.30275465377616884,-0.5470253644136008,-0.4836877374206299,1.1211677239461653,-0.130605539006032,-0.6393262976372862,-0.15749296663716505,-0.12796378843901662,-0.18381579046294527,-0.333589612243277,-0.3256933954152059,-0.14827307662490855,-0.2972608967733543,-0.20090716208239723,-0.24033273795833937,-0.2797223842391659,-0.1486598708475823,-0.25728934112964524,-0.3496832464118788,-0.29423755816416164,-0.26040238606199867,-0.27075322872372104,-0.22941573387056183,0.0,0.0,0.0,-0.8127944933281115,-0.6647095926526736,-0.08633303012289097,-0.12409750120641773,2.1179689172922016,-0.5538369751550652,-0.2576173336461019,-0.619832112374909,-0.32744339367244824,-0.16012815380508716,-0.4445276036638913,-0.3144854510165755,-0.47643873166512696,-1.0944415004020078,-0.14285714285714288,-0.2847473987257497,-0.4445276036638914,0.551888922570716,-0.12130471434377912,-0.30275465377616884,-0.130605539006032,0.0,0.0,0.0,0.0,0.0,0.0,-0.4680081039806013,-0.23424609654481252,-0.5009892302387697,-0.2568301665694269,-0.36809072544012517,-0.5474374282598455,-0.5023932788459589,-0.03942252817683768,-0.08372342095301777,-0.07376490539589507,-0.07956147994724865,-0.12704828537683235,-0.2620717643129237,-0.11839287202604867,-0.2635246497447018,-0.26009617986738126,0.7593476176226064,-0.8010192021524585,-0.4091771882883461,0.44807119980047005,0.5422978942754947,-0.6575548908898429,-1.2870423510358928,-0.7960402721368784
-1.6035340985834408,2.1932815808333648,-0.4087782201290008,-0.32275956766501973,-0.6429644045340971,-0.275825531255053,-0.2565561339156427,-0.28448411999247825,-0.5100023847738482,-0.4117882500110253,-0.5997201052729793,-0.5470253644136008,-0.6374381250847041,-0.3760039791486757,-0.6394252708446829,-0.6393262976372862,-0.3499453845224995,0.050821404947595135,-0.18407435789233,-0.333589612243277,-0.32586470024486774,-0.14853141093799838,-0.2972608967733543,-0.20090716208239723,-0.24033273795833937,-0.2797223842391659,-0.1486598708475823,-0.2572861643467775,-0.3496370921926989,-0.29423755816416164,-0.26039439501720374,-0.2689753116695919,-0.22941573387056183,0.0,0.0,0.0,-0.9071683096797064,-0.3632539950777649,-0.08949346238127293,0.3450367363604805,-0.4117882500110253,-0.6669374718609833,-0.7225261598111561,-0.7284003912860656,-0.3299846428599375,6.244997998398399,-0.4445276036638913,-0.3144854510165755,-0.47643873166512696,0.9137080416200247,-0.14285714285714288,-0.2847473987257497,-0.4445276036638914,-1.200139403050605,-0.7811518560663556,-0.5997201052729793,-0.6394252708446829,0.0,0.0,0.0,0.0,0.0,0.0,-0.6429644045340971,-0.2565561339156427,-0.275825531255053,-0.28448411999247825,-0.36809072544012517,-0.5328063809828962,-0.5023932788459589,-0.915478709884343,-0.08372342095301777,-0.07376490539589507,-0.07956147994724865,-0.12704828537683235,-0.2620717643129237,-0.11839287202604867,-0.2635246497447018,-0.26009617986738126,-0.8658091590068947,1.4260753264486892,2.0040673881648368,1.650946903962806,0.8525369642271506,0.9670622425981367,-1.1382771252327497,-0.7520074369490729
-1.6035340985834408,1.388264306492382,-0.4087782201290008,-0.14184803921637124,0.05686079767988617,0.1745018667123804,0.32288511446564144,-0.15609076481402573,1.2482050512586282,-0.4117882500110253,1.3284930693764494,1.5490195500084287,0.0764029604984975,-0.3760039791486757,-0.04883093924624882,0.2687076396232165,-0.348823135665199,-0.1338019635696602,-0.10632272334320617,0.36006712622215764,0.028751059368516397,-0.14853879191837238,-0.2942645591509566,-0.1979265932350131,-0.23061537510204133,-0.2747473448097235,-0.1486571327029858,-0.05345979338744944,0.6374363242855188,0.5142329466139554,0.2451896675120604,0.24919986581062145,-0.22941573387056183,0.0,0.0,0.0,0.6971865682974075,0.541112797646961,-0.08948726072634532,-0.13163392609490343,-0.4117882500110253,0.8437620198537786,0.6525562837756236,1.0243460643087323,0.3323531576444741,-0.16012815380508716,-0.4445276036638913,-0.3144854510165755,-0.47643873166512696,0.9137080416200247,-0.14285714285714288,-0.2847473987257497,-0.4445276036638914,0.551888922570716,0.6825935639520359,1.3284930693764494,-0.04883093924624882,0.0,0.0,0.0,0.0,0.0,0.0,0.05686079767988617,0.32288511446564144,0.1745018667123804,-0.15609076481402573,-0.36809072544012517,-0.5353682375099885,-0.08890086827315324,-0.915478709884343,-0.08372342095301777,-0.07376490539589507,-0.07956147994724865,-0.12704828537683235,-0.2620717643129237,-0.11839287202604867,-0.2635246497447018,-0.26009617986738126,0.7593476176226064,-0.8010192021524585,-0.3761190434054258,-0.6712714693505926,-1.8465429443522559,1.5718467229476767,1.5841265069647696,-0.531843261010045
0.6410341631037717,-0.5717936757756602,-0.4087782201290008,0.8111387154790782,-0.29305180342710546,-0.7261529292224864,-0.2565561339156427,-0.28448411999247825,-0.5100023847738482,-0.4117882500110253,-0.5997201052729793,-0.5470253644136008,-0.6374381250847041,-0.3760039791486757,-0.6394252708446829,-0.6393262976372862,-0.3499453845224995,-0.1338129843756485,3.2237644080597154,-0.333589612243277,1.9318799844025698,3.2562349543305666,0.8305902239091244,3.1648396312680105,-0.24033273795833937,1.9660969175168206,3.2561634100219683,-0.25728934112964524,-0.3496832464118788,-0.29423755816416164,-0.26040238606199867,-0.27075322872372104,-0.22941573387056183,0.0,0.0,0.0,-0.4352992279217317,-0.7400734920464007,-0.08949296764310154,-0.13164874375170219,-0.4117882500110253,-0.6669374718609833,-0.7225261598111561,-0.7284003912860656,-0.3299846428599375,-0.16012815380508716,-0.4445276036638913,-0.3144854510165755,-0.47643873166512696,0.9137080416200247,-0.14285714285714288,-0.2847473987257497,-0.4445276036638914,-1.200139403050605,-0.7811518560663556,-0.5997201052729793,-0.6394252708446829,0.0,0.0,0.0,0.0,0.0,0.0,-0.29305180342710546,-0.2565561339156427,-0.7261529292224864,-0.28448411999247825,0.010325217446519236,-0.5474374282598455,-0.5023932788459589,1.2746617443844204,-0.08372342095301777,-0.07376490539589507,-0.07956147994724865,-0.12704828537683235,2.0809626746748666,-0.11839287202604867,2.073252228856293,2.0886310692228056,-1.3616197010294544,1.2904147460262843,1.7891894464258546,2.068612079019173,0.5422978942754947,-0.6575548908898429,-0.26056229299420525,-0.45845520236370235
0.4685336755210932,-0.5717936757756602,-0.4087782201290008,-0.32044629461630014,-0.29305180342710546,-0.5009892302387697,-0.2565561339156427,-0.28448411999247825,-0.5100023847738482,-0.4117882500110253,-0.5997201052729793,-0.5470253644136008,-0.6374381250847041,-0.3760039791486757,-0.6394252708446829,-0.6393262976372862,-0.3499453845224995,-0.13347720866896595,-0.18059859203281264,-0.32485955127452903,-0.32237244998930126,-0.14685259504712617,-0.29670197950295457,-0.19923923448441977,-0.24033273795833937,-0.2786094472823901,-0.14697257852731083,-0.25728934112964524,-0.3496832464118788,-0.29423755816416164,-0.26040238606199867,-0.27075322872372104,-0.22941573387056183,0.0,0.0,0.0,-0.1521777788669469,-0.4386178944714921,-0.08925125012139692,-0.13135938404197983,-0.4117882500110253,-0.6669374718609833,-0.7225261598111561,-0.7284003912860656,-0.3299846428599375,-0.16012815380508716,-0.4445276036638913,-0.3144854510165755,-0.47643873166512696,0.9137080416200247,-0.14285714285714288,-0.2847473987257497,-0.4445276036638914,-1.200139403050605,-0.7811518560663556,-0.5997201052729793,-0.6394252708446829,0.0,0.0,0.0,0.0,0.0,0.0,-0.29305180342710546,-0.2565561339156427,-0.5009892302387697,-0.28448411999247825,-0.36809072544012517,-0.5345712154793376,-0.5023932788459589,-0.915478709884343,-0.08372342095301777,-0.07376490539589507,-0.07956147994724865,-0.12704828537683235,-0.2620717643129237,-0.11839287202604867,-0.2635246497447018,-0.26009617986738126,-1.3616197010294544,1.3243298911318855,1.6734859393356336,-0.754804504361866,0.5422978942754947,-0.6575548908898429,-0.26056229299420525,-0.45845520236370235
0.5286593534784313,-0.5730296988866757,2.3668763609938437,-0.32158635712598993,-0.4680081039806013,-0.5009892302387697,-0.2373447128463167,-0.20073214676838,-0.4517088761995094,1.7666137551667536,-0.343999855372948,-0.5470253644136008,-0.171794093873508,4.158287464509986,0.9015716312952313,-0.6393262976372862,-0.31665013246593343,-0.13337198494443708,-0.18054449543698745,-0.333589612243277,-0.3235261130218717,-0.14500473089607535,-0.2972608967733543,-0.20090716208239723,-0.24033273795833937,-0.2797223842391659,-0.1486598708475823,-0.25728934112964524,-0.3496832464118788,-0.29423755816416164,-0.26040238606199867,-0.27075322872372104,-0.22941573387056183,0.0,0.0,0.0,-0.8127944933281115,-0.6647095926526736,-0.08925495324872422,-0.13107887223986578,1.7666137551667536,-0.32440453898020305,0.17455143433831452,-0.15043396531784967,-0.257965728818989,-0.16012815380508716,-0.4445276036638913,-0.3144854510165755,-0.47643873166512696,-1.0944415004020078,-0.14285714285714288,-0.2847473987257497,-0.4445276036638914,0.551888922570716,0.4920743188067849,-0.343999855372948,0.9015716312952313,0.0,0.0,0.0,0.0,0.0,0.0,-0.4680081039806013,-0.2373447128463167,-0.5009892302387697,-0.20073214676838,-0.36809072544012517,-0.5474374282598455,-0.5023932788459589,-0.03942252817683768,-0.08372342095301777,-0.07376490539589507,-0.07956147994724865,-0.12704828537683235,-0.2620717643129237,-0.11839287202604867,-0.2635246497447018,-0.26009617986738126,0.7593476176226064,-0.8010192021524585,-0.4422353331712664,0.19747209476665004,0.5422978942754947,-0.6575548908898429,-1.2870423510358928,-0.7960402721368784
0.9407553067210099,-0.5717936757756602,-0.4087782201290008,-0.3219577972301474,-0.29305180342710546,0.3996655656960971,-0.06444192322238272,0.08489368644399278,0.07293270096953972,-0.4117882500110253,0.6788811442271767,0.43577580676161204,1.41622776728543,-0.3760039791486757,0.7198502984957131,1.697225019246199,-0.10060621404858734,-0.13155503705740212,-0.18367935741840818,-0.3314784686230375,-0.32496262637917855,-0.1485393871587251,-0.2968074690745569,-0.1995540377247069,-0.24033273795833937,-0.27881950205973965,-0.1472910366488607,-0.2563803337952618,-0.34638159459195134,-0.2923419588991746,-0.2590544881399748,-0.27065306438264336,-0.22941573387056183,0.0,0.0,0.0,-0.4352992279217317,0.42806694855637023,-0.08879622584937354,-0.1274839636414486,-0.4117882500110253,0.8437620198537786,0.8060253064973624,1.1137558946482267,0.4016500505548353,-0.16012815380508716,2.249579085208177,-0.3144854510165755,-0.47643873166512696,-1.0944415004020078,-0.14285714285714288,3.5118845842842465,2.2495790852081776,2.303917248192037,0.8717851488523722,0.6788811442271767,0.7198502984957131,0.0,0.0,0.0,0.0,0.0,0.0,-0.29305180342710546,-0.06444192322238272,0.3996655656960971,0.08489368644399278,-0.36809072544012517,-0.5349127963496166,-0.08890086827315324,-0.915478709884343,-0.08372342095301777,-0.07376490539589507,-0.07956147994724865,-0.12704828537683235,-0.2620717643129237,-0.11839287202604867,-0.2635246497447018,-0.26009617986738126,-1.3616197010294544,1.3243298911318855,-0.9876947237394516,-0.37055254331000864,0.5422978942754947,-0.6575548908898429,-0.26056229299420525,-0.4144223671758968
0.6500241478737989,-0.5551760317275637,-0.4087782201290008,-0.3227548548627599,-0.11809550287360965,-0.7261529292224864,-0.20883744287247813,-0.28448411999247825,-0.42350233979257124,-0.4117882500110253,-0.38799473707617926,-0.4418456763156062,-0.6374381250847041,-0.3760039791486757,-0.6394252708446829,-0.6393262976372862,1.2989628514774831,-0.030320751576003318,-0.18407149816039212,-0.3335450001716952,-0.3258567270707683,-0.14853772048573743,-0.29725340405611905,-0.20089598215423748,-0.24030117845625845,-0.2797088779132952,-0.14865772795181112,-0.25728934112964524,-0.3496832464118788,-0.29423755816416164,-0.26040238606199867,-0.27075322872372104,4.358898943540674,0.0,0.0,0.0,-0.19936468704274438,-0.7400734920464007,0.02233593800347404,-0.13164874375170219,-0.4117882500110253,-0.5926142883113801,-0.4204991230947741,-0.6084645279640933,-0.3268833735768489,-0.16012815380508716,2.249579085208177,-0.3144854510165755,-0.47643873166512696,0.9137080416200247,-0.14285714285714288,-0.2847473987257497,-0.4445276036638914,-1.200139403050605,-0.40011336577585366,-0.38799473707617915,-0.6394252708446829,0.0,0.0,0.0,0.0,0.0,0.0,-0.11809550287360965,-0.20883744287247813,-0.7261529292224864,-0.28448411999247825,-0.32028110143639793,-0.5474374282598455,-0.08890086827315324,1.2746617443844204,-0.08372342095301777,-0.07376490539589507,-0.07956147994724865,-0.12704828537683235,-0.2620717643129237,-0.11839287202604867,-0.2635246497447018,-0.26009617986738126,0.7593476176226064,-0.8010192021524585,-0.3926481158468859,-0.9886970023934313,-0.10920415262298276,1.4769785691673565,-0.721734492983949,1.3028582051485207
-0.15532178136409944,-0.5717936757756602,-0.4087782201290008,-0.3222696738502817,-0.4680081039806013,-0.5009892302387697,-0.2565561339156427,-0.28448411999247825,-0.5100023847738482,-0.4117882500110253,-0.5997201052729793,-0.5470253644136008,-0.6374381250847041,-0.3760039791486757,-0.6394252708446829,-0.6393262976372862,-0.3499453845224995,-0.1327597428387357,-0.1826004043893396,-0.333589612243277,-0.3248881837734776,-0.14705878630531583,-0.2972608967733543,-0.20090716208239723,-0.24033273795833937,-0.2797223842391659,-0.1486598708475823,-0.25728934112964524,-0.3496832464118788,-0.29423755816416164,-0.26040238606199867,-0.27075322872372104,-0.22941573387056183,0.0,0.0,0.0,-0.5296730442733266,-0.4386178944714921,-0.08892417304030083,-0.1302885368114255,-0.4117882500110253,-0.6669374718609833,-0.7225261598111561,-0.7284003912860656,-0.3299846428599375,-0.16012815380508716,-0.4445276036638913,-0.3144854510165755,-0.47643873166512696,0.9137080416200247,-0.14285714285714288,-0.2847473987257497,-0.4445276036638914,0.551888922570716,-0.7811518560663556,-0.5997201052729793,-0.6394252708446829,0.0,0.0,0.0,0.0,0.0,0.0,-0.4680081039806013,-0.2565561339156427,-0.5009892302387697,-0.28448411999247825,-0.36809072544012517,-0.5345712154793376,-0.5023932788459589,-0.915478709884343,-0.08372342095301777,-0.07376490539589507,-0.07956147994724865,-0.12704828537683235,-0.2620717643129237,-0.11839287202604867,-0.2635246497447018,-0.26009617986738126,-1.3616197010294544,1.3243298911318855,1.6734859393356336,-0.754804504361866,0.5422978942754947,-0.6575548908898429,-0.26056229299420525,-0.45845520236370235
-1.6035340985834408,1.9469009740376202,-0.4087782201290008,-0.31834668180448533,0.05686079767988617,-0.05066183227133628,0.32288511446564144,-0.16004132958874737,1.2482050512586282,-0.4117882500110253,1.3284930693764494,1.5490195500084287,0.054438619403629755,-0.3760039791486757,0.12380432691329346,0.3769192162387758,-0.30433094964125,-0.1334019392495181,-0.18186855132423316,-0.3151077773328554,-0.3171339167213159,-0.14853926811065457,-0.29286413086432456,-0.1965335349584926,-0.22179691079366137,-0.27100491466628335,-0.14865725175275088,-0.25232246348762727,-0.3136023480828264,-0.2697463421575084,-0.24794671077521357,-0.2622392597321165,-0.22941573387056183,0.0,0.0,0.0,0.17813057836363538,-0.06179839750285629,-0.0892393760769075,-0.13119342613495616,-0.4117882500110253,0.8437620198537786,0.8121640674062318,1.1156119197245251,0.40312507895047167,-0.16012815380508716,2.249579085208177,-0.3144854510165755,-0.47643873166512696,-1.0944415004020078,-0.14285714285714288,3.5118845842842465,2.2495790852081776,-1.200139403050605,0.8784234500769458,1.3284930693764494,0.12380432691329346,0.0,0.0,0.0,0.0,0.0,0.0,0.05686079767988617,0.32288511446564144,-0.05066183227133628,-0.16004132958874737,-0.36809072544012517,1.3181064947687555,-0.08890086827315324,-0.915478709884343,-0.08372342095301777,-0.07376490539589507,-0.07956147994724865,-0.12704828537683235,-0.2620717643129237,-0.11839287202604867,-0.2635246497447018,-0.26009617986738126,0.7593476176226064,-0.8010192021524585,-0.3761190434054258,-0.6211516483438286,-1.8465429443522559,1.5718467229476767,-1.1531536478130642,-0.810717883866147
0.5464331307072466,-0.5717936757756602,-0.4087782201290008,-0.3225745802754772,-0.4680081039806013,-0.5009892302387697,-0.2565561339156427,-0.28448411999247825,-0.5100023847738482,-0.4117882500110253,-0.5997201052729793,-0.5470253644136008,-0.6374381250847041,-0.3760039791486757,-0.6394252708446829,-0.6393262976372862,-0.3499453845224995,-0.13104898121334757,-0.18351778256391707,-0.333589612243277,-0.32549596067834685,-0.14797533740046723,-0.2972608967733543,-0.20090716208239723,-0.24033273795833937,-0.2797223842391659,-0.1486598708475823,-0.25728934112964524,-0.3496832464118788,-0.29423755816416164,-0.26040238606199867,-0.27075322872372104,-0.22941573387056183,0.0,0.0,0.0,-0.671233768800719,-0.5516637435620828,-0.08799988821614556,-0.12808013672007368,-0.4117882500110253,-0.6669374718609833,-0.7225261598111561,-0.7284003912860656,-0.3299846428599375,-0.16012815380508716,-0.4445276036638913,-0.3144854510165755,-0.47643873166512696,0.9137080416200247,-0.14285714285714288,-0.2847473987257497,-0.4445276036638914,0.551888922570716,-0.7811518560663556,-0.5997201052729793,-0.6394252708446829,0.0,0.0,0.0,0.0,0.0,0.0,-0.4680081039806013,-0.2565561339156427,-0.5009892302387697,-0.28448411999247825,-0.36809072544012517,1.3163985904173607,-0.5023932788459589,-0.915478709884343,-0.08372342095301777,-0.07376490539589507,-0.07956147994724865,-0.12704828537683235,-0.2620717643129237,-0.11839287202604867,-0.2635246497447018,-0.26009617986738126,-0.8933541891192591,-0.9932050244175322,0.7313288101724047,1.1664553008974208,0.5422978942754947,-0.6575548908898429,-0.26056229299420525,-0.4144223671758968
0.6054866086461411,-0.5717936757756602,-0.4087782201290008,-0.3226932320029594,-0.4680081039806013,-0.5009892302387697,-0.2565561339156427,-0.28448411999247825,-0.5100023847738482,-0.4117882500110253,-0.5997201052729793,-0.5470253644136008,-0.6374381250847041,-0.3760039791486757,-0.6394252708446829,-0.6393262976372862,-0.3499453845224995,-0.12630538143589362,-0.1838747724341644,-0.333589612243277,-0.32573247186252513,-0.14833200541982997,-0.2972608967733543,-0.20090716208239723,-0.24033273795833937,-0.2797223842391659,-0.1486598708475823,-0.25728934112964524,-0.3496832464118788,-0.29423755816416164,-0.26040238606199867,-0.27075322872372104,-0.22941573387056183,0.0,0.0,0.0,-0.671233768800719,-0.5516637435620828,-0.08543703128675174,-0.12195668502089893,-0.4117882500110253,-0.6669374718609833,-0.7225261598111561,-0.7284003912860656,-0.3299846428599375,-0.16012815380508716,-0.4445276036638913,-0.3144854510165755,-0.47643873166512696,0.9137080416200247,-0.14285714285714288,-0.2847473987257497,-0.4445276036638914,0.551888922570716,-0.7811518560663556,-0.5997201052729793,-0.6394252708446829,0.0,0.0,0.0,0.0,0.0,0.0,-0.4680081039806013,-0.2565561339156427,-0.5009892302387697,-0.28448411999247825,-0.36809072544012517,1.3163985904173607,-0.5023932788459589,-0.915478709884343,-0.08372342095301777,-0.07376490539589507,-0.07956147994724865,-0.12704828537683235,-0.2620717643129237,-0.11839287202604867,-0.2635246497447018,-0.26009617986738126,-1.3616197010294544,1.3130248427633517,0.3842182889017414,-0.08654022427167929,0.5422978942754947,-0.6575548908898429,-0.26056229299420525,-0.4144223671758968
0.48663736044789113,-0.5717936757756602,-0.4087782201290008,-0.32275913202783607,-0.29305180342710546,-0.7261529292224864,-0.2565561339156427,-0.28448411999247825,-0.5100023847738482,-0.4117882500110253,-0.5997201052729793,-0.5470253644136008,-0.6374381250847041,-0.3760039791486757,-0.6394252708446829,-0.6393262976372862,-0.3499453845224995,0.02605331569181586,-0.1840730471818585,-0.333589612243277,-0.3258638318793718,-0.14853010140922235,-0.297257663074337,-0.20089751203914355,-0.24033273795833937,-0.2797159451768322,-0.14865010876684695,-0.25728934112964524,-0.3496832464118788,-0.29423755816416164,-0.26040238606199867,-0.27075322872372104,-0.22941573387056183,0.0,0.0,0.0,-0.4352992279217317,-0.7400734920464007,0.08325113983906791,-0.13164874375170219,-0.4117882500110253,-0.6669374718609833,-0.7225261598111561,-0.7284003912860656,-0.3299846428599375,-0.16012815380508716,-0.4445276036638913,-0.3144854510165755,-0.47643873166512696,0.9137080416200247,-0.14285714285714288,-0.2847473987257497,-0.4445276036638914,-1.200139403050605,-0.7811518560663556,-0.5997201052729793,-0.6394252708446829,0.0,0.0,0.0,0.0,0.0,0.0,-0.29305180342710546,-0.2565561339156427,-0.7261529292224864,-0.28448411999247825,0.04521332144923913,-0.5474374282598455,-0.5023932788459589,1.2746617443844204,-0.08372342095301777,-0.07376490539589507,-0.07956147994724865,-0.12704828537683235,-0.2620717643129237,-0.11839287202604867,-0.2635246497447018,-0.26009617986738126,0.7593476176226064,-0.8010192021524585,-0.4422353331712664,0.5650174488162527,0.4957620337827463,1.9868948957365766,1.2270899650372262,2.9027178836387897
-0.2356543058228749,-0.5717936757756602,-0.4087782201290008,-0.32258863947549593,-0.4680081039806013,-0.5009892302387697,-0.2565561339156427,-0.28448411999247825,-0.5100023847738482,-0.4117882500110253,-0.5997201052729793,-0.5470253644136008,-0.6374381250847041,-0.3760039791486757,-0.6394252708446829,-0.6393262976372862,-0.3499453845224995,-0.13082527853234266,-0.18356008276549846,-0.333589612243277,-0.3255239852011717,-0.14801759946551188,-0.2972608967733543,-0.20090716208239723,-0.24033273795833937,-0.2797223842391659,-0.1486598708475823,-0.25728934112964524,-0.3496832464118788,-0.29423755816416164,-0.26040238606199867,-0.27075322872372104,-0.22941573387056183,0.0,0.0,0.0,-0.5296730442733266,-0.4386178944714921,-0.08787902684650338,-0.1277913618178106,-0.4117882500110253,-0.6669374718609833,-0.7225261598111561,-0.7284003912860656,-0.3299846428599375,-0.16012815380508716,-0.4445276036638913,-0.3144854510165755,-0.47643873166512696,0.9137080416200247,-0.14285714285714288,-0.2847473987257497,-0.4445276036638914,0.551888922570716,-0.7811518560663556,-0.5997201052729793,-0.6394252708446829,0.0,0.0,0.0,0.0,0.0,0.0,-0.4680081039806013,-0.2565561339156427,-0.5009892302387697,-0.28448411999247825,-0.36809072544012517,-0.5345712154793376,-0.5023932788459589,-0.915478709884343,-0.08372342095301777,-0.07376490539589507,-0.07956147994724865,-0.12704828537683235,-0.2620717643129237,-0.11839287202604867,-0.2635246497447018,-0.26009617986738126,-1.3616197010294544,1.3243298911318855,1.6734859393356336,-0.754804504361866,0.5422978942754947,-0.6575548908898429,-0.26056229299420525,-0.45845520236370235
0.5818982082403815,-0.5717936757756602,-0.4087782201290008,-0.26018123671055826,-0.29305180342710546,-0.7261529292224864,-0.2565561339156427,-0.28448411999247825,-0.5100023847738482,-0.4117882500110253,-0.5997201052729793,-0.5470253644136008,-0.6374381250847041,-0.3760039791486757,-0.6394252708446829,-0.6393262976372862,-0.3499453845224995,-0.13380514638383434,0.004206341611810087,-0.333589612243277,-0.2011258913627472,0.039579540585215435,-0.23494526889401549,-0.014944120627434467,-0.24033273795833937,-0.1556371771350783,0.039462210759418435,-0.25728934112964524,-0.3496832464118788,-0.29423755816416164,-0.26040238606199867,-0.27075322872372104,-0.22941573387056183,0.0,0.0,0.0,-0.4352992279217317,-0.7400734920464007,-0.08948449827276009,-0.13164874375170219,-0.4117882500110253,-0.6669374718609833,-0.7225261598111561,-0.7284003912860656,-0.3299846428599375,-0.16012815380508716,-0.4445276036638913,-0.3144854510165755,-0.47643873166512696,0.9137080416200247,-0.14285714285714288,-0.2847473987257497,-0.4445276036638914,-1.200139403050605,-0.7811518560663556,-0.5997201052729793,-0.6394252708446829,0.0,0.0,0.0,0.0,0.0,0.0,-0.29305180342710546,-0.2565561339156427,-0.7261529292224864,-0.28448411999247825,0.010325217446519236,-0.5474374282598455,-0.5023932788459589,1.2746617443844204,-0.08372342095301777,-0.07376490539589507,-0.07956147994724865,-0.12704828537683235,-0.2620717643129237,-0.11839287202604867,-0.2635246497447018,-0.26009617986738126,-1.3616197010294544,1.3130248427633517,0.3842182889017414,-0.08654022427167929,0.5422978942754947,-0.6575548908898429,-0.26056229299420525,-0.45845520236370235
0.48519401426921704,-0.5551760317275637,-0.4087782201290008,-0.32272966711286716,-0.4680081039806013,-0.5009892302387697,-0.2565561339156427,-0.28448411999247825,-0.5100023847738482,-0.4117882500110253,-0.5997201052729793,-0.5470253644136008,-0.6374381250847041,-0.3760039791486757,-0.6394252708446829,-0.6393262976372862,-0.3499453845224995,-0.11794289241376252,-0.18398439549178372,-0.333589612243277,-0.3258050987949163,-0.1484415296447344,-0.2972608967733543,-0.20090716208239723,-0.24033273795833937,-0.2797223842391659,-0.1486598708475823,-0.25728934112964524,-0.3496832464118788,-0.29423755816416164,-0.26040238606199867,-0.27075322872372104,-0.22941573387056183,0.0,0.0,0.0,-0.671233768800719,-0.5516637435620828,-0.08091897244055384,-0.11116165592605752,-0.4117882500110253,-0.6669374718609833,-0.7225261598111561,-0.7284003912860656,-0.3299846428599375,6.244997998398399,-0.4445276036638913,-0.3144854510165755,-0.47643873166512696,0.9137080416200247,-0.14285714285714288,-0.2847473987257497,-0.4445276036638914,0.551888922570716,-0.7811518560663556,-0.5997201052729793,-0.6394252708446829,0.0,0.0,0.0,0.0,0.0,0.0,-0.4680081039806013,-0.2565561339156427,-0.5009892302387697,-0.28448411999247825,-0.36790613229725366,-0.5307568957612224,-0.5023932788459589,1.2746617443844204,-0.08372342095301777,-0.07376490539589507,-0.07956147994724865,-0.12704828537683235,-0.2620717643129237,-0.11839287202604867,-0.2635246497447018,-0.26009617986738126,0.7593476176226064,-0.8010192021524585,-0.4587644056127265,0.29771173678017804,-1.008897455482785,-0.7761400831152429,0.0667212037727097,-0.20893580296613745
0.7499861803625422,-0.5717936757756602,-0.4087782201290008,-0.32263255962428694,-0.4680081039806013,-0.5009892302387697,-0.2565561339156427,-0.28448411999247825,-0.5100023847738482,-0.4117882500110253,-0.5997201052729793,-0.5470253644136008,-0.6374381250847041,-0.3760039791486757,-0.6394252708446829,-0.6393262976372862,-0.3499453845224995,-0.12981433480361965,-0.18369222621212872,-0.333589612243277,-0.32561153223163025,-0.14814962377574994,-0.2972608967733543,-0.20090716208239723,-0.24033273795833937,-0.2797223842391659,-0.1486598708475823,-0.25728934112964524,-0.3496832464118788,-0.29423755816416164,-0.26040238606199867,-0.27075322872372104,-0.22941573387056183,0.0,0.0,0.0,-0.671233768800719,-0.5516637435620828,-0.08733283739926134,-0.1264863476125983,-0.4117882500110253,-0.6669374718609833,-0.7225261598111561,-0.7284003912860656,-0.3299846428599375,-0.16012815380508716,-0.4445276036638913,-0.3144854510165755,-0.47643873166512696,0.9137080416200247,-0.14285714285714288,-0.2847473987257497,-0.4445276036638914,0.551888922570716,-0.7811518560663556,-0.5997201052729793,-0.6394252708446829,0.0,0.0,0.0,0.0,0.0,0.0,-0.4680081039806013,-0.2565561339156427,-0.5009892302387697,-0.28448411999247825,-0.36809072544012517,1.3163985904173607,-0.5023932788459589,-0.915478709884343,-0.08372342095301777,-0.07376490539589507,-0.07956147994724865,-0.12704828537683235,-0.2620717643129237,-0.11839287202604867,-0.2635246497447018,-0.26009617986738126,-1.3616197010294544,1.2904147460262843,1.7891894464258546,2.068612079019173,0.5422978942754947,-0.6575548908898429,-0.26056229299420525,-0.4144223671758968
-1.5196138279091038,-0.5717936757756602,-0.4087782201290008,-0.1188963357806847,-0.11809550287360965,0.3996655656960971,-0.21379522895488484,0.18958365297411559,-0.3802523173019328,-0.4117882500110253,-0.4099921779277948,-0.3684146807886121,1.9982828062994251,-0.3760039791486757,1.1050995240306918,2.359456141143656,-0.34894236740047074,-0.1338032558635882,-0.09645768651251492,0.4132384780039737,0.0584240556740194,-0.14847343452764136,-0.28922381391322943,-0.18891498272099885,-0.19879551485592842,-0.2637624615187219,-0.14859344107867584,-0.026963947737525976,0.4868933415915762,0.4816833419133548,0.3016735235203448,-0.11281910392945702,-0.22941573387056183,0.0,0.0,0.0,-0.19936468704274438,0.35270304916264306,-0.0894893347874026,-0.13163230693763422,-0.4117882500110253,1.271928185954754,0.6623783012298148,1.4716250607413173,0.7135256971588565,-0.16012815380508716,2.249579085208177,-0.3144854510165755,-0.47643873166512696,-1.0944415004020078,-0.14285714285714288,-0.2847473987257497,-0.4445276036638914,0.551888922570716,0.6930488883807386,-0.4099921779277948,1.1050995240306918,0.0,0.0,0.0,0.0,0.0,0.0,-0.11809550287360965,-0.21379522895488484,0.3996655656960971,0.18958365297411559,-0.36809072544012517,-0.21490845104326708,-0.08890086827315324,-0.915478709884343,-0.08372342095301777,-0.07376490539589507,-0.07956147994724865,-0.12704828537683235,-0.2620717643129237,-0.11839287202604867,-0.2635246497447018,-0.26009617986738126,1.0347979187462506,0.7477724243366645,-1.4835668969832563,0.7153769118365447,-0.9778735484876193,-0.3729504295488829,-1.2721658284555786,-0.7666850486783414
0.9790658381492453,-0.5730296988866757,2.3668763609938437,-0.322713667347212,-0.4680081039806013,-0.5009892302387697,-0.22804886394180413,-0.25999061838920423,-0.42350233979257124,2.820679241543098,-0.22026425058261037,-0.5470253644136008,-0.5012592102965241,0.9500623864496119,-0.18875636550187783,-0.6393262976372862,0.007309361573157248,-0.12315565837027272,-0.18393625667082913,-0.333589612243277,-0.32577320609851845,-0.1483934342242329,-0.2972608967733543,-0.20090716208239723,-0.24033273795833937,-0.2797223842391659,-0.1486598708475823,-0.25728934112964524,-0.3496832464118788,-0.29423755816416164,-0.26040238606199867,-0.27075322872372104,-0.22941573387056183,0.0,0.0,0.0,-0.8127944933281115,-0.6647095926526736,-0.08373530897392824,-0.11789074818748879,2.820679241543098,-0.5667627462071702,-0.21832926382933676,-0.6773094365043448,-0.3294218748737807,-0.16012815380508716,-0.4445276036638913,-0.3144854510165755,-0.47643873166512696,-1.0944415004020078,-0.14285714285714288,-0.2847473987257497,-0.4445276036638914,0.551888922570716,-0.06554298405736421,-0.22026425058261037,-0.18875636550187783,0.0,0.0,0.0,0.0,0.0,0.0,-0.4680081039806013,-0.22804886394180413,-0.5009892302387697,-0.25999061838920423,-0.36809072544012517,-0.5474374282598455,-0.5023932788459589,-0.03942252817683768,-0.08372342095301777,-0.07376490539589507,-0.07956147994724865,-0.12704828537683235,-0.2620717643129237,-0.11839287202604867,-0.2635246497447018,-0.26009617986738126,0.7593476176226064,-0.8010192021524585,-0.4587644056127265,-0.11995343827618862,0.5422978942754947,-0.6575548908898429,-1.2870423510358928,-0.7960402721368784
0.8618661284409086,-0.5717936757756602,-0.4087782201290008,-0.3227390135106261,-0.4680081039806013,-0.5009892302387697,-0.2565561339156427,-0.28448411999247825,-0.5100023847738482,-0.4117882500110253,-0.5997201052729793,-0.5470253644136008,-0.6374381250847041,-0.3760039791486757,-0.6394252708446829,-0.6393262976372862,-0.3499453845224995,-0.11159467248652734,-0.18401251618917303,-0.333589612243277,-0.325823729181921,-0.14846962498938382,-0.2972608967733543,-0.20090716208239723,-0.24033273795833937,-0.2797223842391659,-0.1486598708475823,-0.25728934112964524,-0.3496832464118788,-0.29423755816416164,-0.26040238606199867,-0.27075322872372104,-0.22941573387056183,0.0,0.0,0.0,-0.5296730442733266,-0.4386178944714921,-0.07748917646426619,-0.10296682079579968,-0.4117882500110253,-0.6669374718609833,-0.7225261598111561,-0.7284003912860656,-0.3299846428599375,-0.16012815380508716,-0.4445276036638913,-0.3144854510165755,-0.47643873166512696,0.9137080416200247,-0.14285714285714288,-0.2847473987257497,-0.4445276036638914,0.551888922570716,-0.7811518560663556,-0.5997201052729793,-0.6394252708446829,0.0,0.0,0.0,0.0,0.0,0.0,-0.4680081039806013,-0.2565561339156427,-0.5009892302387697,-0.28448411999247825,-0.36809072544012517,-0.5345712154793376,-0.5023932788459589,-0.915478709884343,-0.08372342095301777,-0.07376490539589507,-0.07956147994724865,-0.12704828537683235,-0.2620717643129237,-0.11839287202604867,-0.2635246497447018,-0.26009617986738126,-1.3616197010294544,1.3243298911318855,1.6734859393356336,-0.754804504361866,0.5422978942754947,-0.6575548908898429,-0.26056229299420525,-0.45845520236370235
0.49570982214241405,-0.5551760317275637,-0.4087782201290008,-0.32274241940133486,-0.11809550287360965,-0.7261529292224864,-0.20883744287247813,-0.28448411999247825,-0.42350233979257124,-0.4117882500110253,-0.38799473707617926,-0.4418456763156062,-0.6374381250847041,-0.3760039791486757,-0.6394252708446829,-0.6393262976372862,0.2716668473028909,-0.09479834059571761,-0.18405279074729838,-0.3334511410081077,-0.32583154447138485,-0.1485383157260902,-0.29724102135500385,-0.20087750585191036,-0.2402347805427896,-0.2796838283903141,-0.14865832320063646,-0.25728934112964524,-0.3496832464118788,-0.29423755816416164,-0.26040238606199867,-0.27075322872372104,4.358898943540674,0.0,0.0,0.0,-0.19936468704274438,-0.7400734920464007,-0.047335553506070695,-0.13164874375170219,-0.4117882500110253,-0.5926142883113801,-0.4204991230947741,-0.6084645279640933,-0.3268833735768489,-0.16012815380508716,2.249579085208177,-0.3144854510165755,-0.47643873166512696,0.9137080416200247,-0.14285714285714288,-0.2847473987257497,-0.4445276036638914,-1.200139403050605,-0.40011336577585366,-0.38799473707617915,-0.6394252708446829,0.0,0.0,0.0,0.0,0.0,0.0,-0.11809550287360965,-0.20883744287247813,-0.7261529292224864,-0.28448411999247825,-0.3208348808650125,-0.5474374282598455,-0.08890086827315324,1.2746617443844204,-0.08372342095301777,-0.07376490539589507,-0.07956147994724865,-0.12704828537683235,-0.2620717643129237,-0.11839287202604867,-0.2635246497447018,-0.26009617986738126,0.7593476176226064,-0.8010192021524585,-0.4091771882883461,0.03040602474410338,1.116240173686058,-0.01719485287268303,1.7180152101875985,1.3468910403363261
0.5457320768490335,-0.5717936757756602,-0.4087782201290008,-0.32268867761422093,-0.4680081039806013,-0.5009892302387697,-0.2565561339156427,-0.28448411999247825,-0.5100023847738482,-0.4117882500110253,-0.5997201052729793,-0.5470253644136008,-0.6374381250847041,-0.3760039791486757,-0.6394252708446829,-0.6393262976372862,-0.3499453845224995,-0.1267693400557405,-0.18386106955196196,-0.333589612243277,-0.32572339349597623,-0.1483183148917169,-0.2972608967733543,-0.20090716208239723,-0.24033273795833937,-0.2797223842391659,-0.1486598708475823,-0.25728934112964524,-0.3496832464118788,-0.29423755816416164,-0.26040238606199867,-0.27075322872372104,-0.22941573387056183,0.0,0.0,0.0,-0.671233768800719,-0.5516637435620828,-0.0856876973672837,-0.1225556032122167,-0.4117882500110253,-0.6669374718609833,-0.7225261598111561,-0.7284003912860656,-0.3299846428599375,-0.16012815380508716,-0.4445276036638913,-0.3144854510165755,-0.47643873166512696,0.9137080416200247,-0.14285714285714288,-0.2847473987257497,-0.4445276036638914,0.551888922570716,-0.7811518560663556,-0.5997201052729793,-0.6394252708446829,0.0,0.0,0.0,0.0,0.0,0.0,-0.4680081039806013,-0.2565561339156427,-0.5009892302387697,-0.28448411999247825,-0.36809072544012517,1.3163985904173607,-0.5023932788459589,-0.915478709884343,-0.08372342095301777,-0.07376490539589507,-0.07956147994724865,-0.12704828537683235,-0.2620717643129237,-0.11839287202604867,-0.2635246497447018,-0.26009617986738126,-0.8933541891192591,-0.9932050244175322,0.7313288101724047,1.1664553008974208,0.5422978942754947,-0.6575548908898429,-0.26056229299420525,-0.4144223671758968
-1.5885645367874779,1.9101865097770874,-0.4087782201290008,-0.2831812958736333,-0.11809550287360965,-0.7261529292224864,-0.2565561339156427,-0.28448411999247825,-0.5100023847738482,-0.4117882500110253,-0.5997201052729793,-0.5470253644136008,-0.6374381250847041,-0.3760039791486757,-0.6394252708446829,-0.6393262976372862,-0.3499453845224995,-0.13379376754377648,-0.12453861149900769,-0.044063930519672265,-0.24697243185785983,-0.1485398633510073,-0.2578477450075664,-0.14209856281831065,-0.03551628288549686,-0.20124144348779882,-0.1486598708475823,-0.25728934112964524,-0.3496832464118788,-0.29423755816416164,-0.26040238606199867,-0.27075322872372104,-0.22941573387056183,0.0,0.0,0.0,-0.19936468704274438,-0.7400734920464007,-0.08947220282607024,-0.13164874375170219,-0.4117882500110253,-0.6669374718609833,-0.7225261598111561,-0.7284003912860656,-0.3299846428599375,-0.16012815380508716,-0.4445276036638913,-0.3144854510165755,-0.47643873166512696,0.9137080416200247,7.000000000000001,-0.2847473987257497,-0.4445276036638914,-1.200139403050605,-0.7811518560663556,-0.5997201052729793,-0.6394252708446829,0.0,0.0,0.0,0.0,0.0,0.0,-0.11809550287360965,-0.2565561339156427,-0.7261529292224864,-0.28448411999247825,0.5799796563480727,-0.5474374282598455,-0.5023932788459589,1.2746617443844204,-0.08372342095301777,-0.07376490539589507,-0.07956147994724865,-0.12704828537683235,-0.2620717643129237,-0.11839287202604867,-0.2635246497447018,-0.26009617986738126,1.3653382800946237,-0.8801545407321948,2.1858871850208983,1.1831619078996753,0.5422978942754947,-0.6575548908898429,-0.30519186073514815,0.36349105447533503
0.4622654292594228,-0.5551760317275637,-0.4087782201290008,2.0607501948879525,1.8064238032148443,2.2009751575658307,0.3829982707148228,0.46256767890737915,0.20268276844145508,-0.4117882500110253,0.008352009696680238,0.08660183287745989,1.3415490075628795,-0.3760039791486757,0.4179133147672826,1.1433478999879423,-0.34974777722099903,-0.13381050173581868,0.0917372917411461,1.4238977740265053,0.4638477225726478,-0.14853533952432646,2.0761390764328542,0.3439181121232519,1.2607971306132781,0.506737229310393,-0.14864475152741902,2.4350174499932056,2.9099382771567424,1.3453869680365491,0.8668511965323021,-0.2635413961661266,-0.22941573387056183,0.0,0.0,0.0,2.537475987153509,2.500574181883867,-0.0894918148594067,-0.13164508849032122,-0.4117882500110253,0.7888274928823328,0.30282230513888403,0.5868733184603899,0.042985120572490564,-0.16012815380508716,-0.4445276036638913,-0.3144854510165755,2.098905763822046,-1.0944415004020078,-0.14285714285714288,-0.2847473987257497,-0.4445276036638914,-1.200139403050605,0.22496874657062438,0.00835200969668012,0.4179133147672826,0.0,0.0,0.0,0.0,0.0,0.0,1.8064238032148443,0.3829982707148228,2.2009751575658307,0.46256767890737915,1.1442808941063516,-0.5401503696938942,3.6325308268820975,1.2746617443844204,-0.07457236808664199,-0.06368787629806708,-0.06107196319327866,-0.10038663021910348,0.5567505428412134,-0.03469378544224229,0.5538353729004565,0.557102322665025,0.7593476176226064,-0.8010192021524585,-0.4257062607298062,-0.37055254331000864,-1.2881126184392753,1.7615830305083167,0.03696815861208106,-0.01812685048564662
0.1537192547211487,-0.5717936757756602,-0.4087782201290008,-0.3226663809110926,-0.4680081039806013,-0.5009892302387697,-0.2565561339156427,-0.28448411999247825,-0.5100023847738482,-0.4117882500110253,-0.5997201052729793,-0.5470253644136008,-0.6374381250847041,-0.3760039791486757,-0.6394252708446829,-0.6393262976372862,-0.3499453845224995,-0.12840540834169345,-0.18379398500691882,-0.333589612243277,-0.32567894897104555,-0.1482512908279982,-0.2972608967733543,-0.20090716208239723,-0.24033273795833937,-0.2797223842391659,-0.1486598708475823,-0.25728934112964524,-0.3496832464118788,-0.29423755816416164,-0.26040238606199867,-0.27075322872372104,-0.22941573387056183,0.0,0.0,0.0,-0.5296730442733266,-0.4386178944714921,-0.08657162711269456,-0.12466758263619786,-0.4117882500110253,-0.6669374718609833,-0.7225261598111561,-0.7284003912860656,-0.3299846428599375,-0.16012815380508716,-0.4445276036638913,-0.3144854510165755,-0.47643873166512696,0.9137080416200247,-0.14285714285714288,-0.2847473987257497,-0.4445276036638914,0.551888922570716,-0.7811518560663556,-0.5997201052729793,-0.6394252708446829,0.0,0.0,0.0,0.0,0.0,0.0,-0.4680081039806013,-0.2565561339156427,-0.5009892302387697,-0.28448411999247825,-0.36809072544012517,-0.5345712154793376,-0.5023932788459589,-0.915478709884343,-0.08372342095301777,-0.07376490539589507,-0.07956147994724865,-0.12704828537683235,-0.2620717643129237,-0.11839287202604867,-0.2635246497447018,-0.26009617986738126,-1.3616197010294544,1.3243298911318855,1.6734859393356336,-0.754804504361866,0.5422978942754947,-0.6575548908898429,-0.26056229299420525,-0.45845520236370235
-1.6035340985834408,1.156441305226375,-0.4087782201290008,-0.14511614976495604,0.05686079767988617,0.1745018667123804,0.32288511446564144,-0.1545105389041371,1.2482050512586282,-0.4117882500110253,1.3284930693764494,1.5490195500084287,0.0851886969364446,-0.3760039791486757,-0.04156208593426809,0.2798834419279611,-0.3487988617140339,-0.13380175239975786,-0.10772741345777219,0.35065560724044714,0.02370664526004182,-0.1485393871587251,-0.2949986088278931,-0.19865677984120686,-0.23169380163105013,-0.27552364444668714,-0.1486571327029858,-0.05676132091203525,0.6214474626665116,0.5035599565778766,0.23799772719665244,-0.05264537602702854,-0.22941573387056183,0.0,0.0,0.0,0.6971865682974075,0.541112797646961,-0.08948714663614528,-0.13163365349840328,-0.4117882500110253,0.8437620198537786,0.6569216248663753,1.025975148982306,0.3335849453850073,-0.16012815380508716,-0.4445276036638913,-0.3144854510165755,-0.47643873166512696,0.9137080416200247,-0.14285714285714288,-0.2847473987257497,-0.4445276036638914,0.551888922570716,0.687240374809237,1.3284930693764494,-0.04156208593426809,0.0,0.0,0.0,0.0,0.0,0.0,0.05686079767988617,0.32288511446564144,0.1745018667123804,-0.1545105389041371,-0.36809072544012517,-0.5353682375099885,-0.08890086827315324,-0.915478709884343,-0.08372342095301777,-0.07376490539589507,-0.07956147994724865,-0.12704828537683235,-0.2620717643129237,-0.11839287202604867,-0.2635246497447018,-0.26009617986738126,0.7593476176226064,-0.8010192021524585,-0.3761190434054258,-0.6712714693505926,-1.8465429443522559,1.5718467229476767,1.5841265069647696,-0.531843261010045
0.6573645941539129,-0.5730296988866757,2.3668763609938437,-0.32274974602669676,-0.4680081039806013,-0.5009892302387697,-0.22990803372270666,-0.2611757878216207,-0.42914364707395886,2.609866144267829,-0.24501137154067792,-0.5470253644136008,-0.5078485126249844,0.8858978848884045,-0.21056292543782,-0.6393262976372862,0.9510293178216632,-0.0927191659003751,-0.18404480732897177,-0.333589612243277,-0.32584512255004927,-0.1485018870165024,-0.2972608967733543,-0.20090716208239723,-0.24033273795833937,-0.2797223842391659,-0.1486598708475823,-0.25728934112964524,-0.3496832464118788,-0.29423755816416164,-0.26040238606199867,-0.27075322872372104,-0.22941573387056183,0.0,0.0,0.0,-0.8127944933281115,-0.6647095926526736,-0.06729117808336077,-0.07860067308091068,2.609866144267829,-0.5716099103517096,-0.24779531619191061,-0.6773094365043448,-0.3294218748737807,-0.16012815380508716,-0.4445276036638913,-0.3144854510165755,-0.47643873166512696,-1.0944415004020078,-0.14285714285714288,-0.2847473987257497,-0.4445276036638914,0.551888922570716,-0.1073642817721754,-0.24501137154067792,-0.21056292543782,0.0,0.0,0.0,0.0,0.0,0.0,-0.4680081039806013,-0.22990803372270666,-0.5009892302387697,-0.2611757878216207,-0.36809072544012517,-0.5474374282598455,-0.5023932788459589,-0.03942252817683768,-0.08372342095301777,-0.07376490539589507,-0.07956147994724865,-0.12704828537683235,-0.2620717643129237,-0.11839287202604867,-0.2635246497447018,-0.26009617986738126,0.7593476176226064,-0.8010192021524585,-0.4422353331712664,0.69867030483429,0.5422978942754947,-0.6575548908898429,-1.2870423510358928,-0.7960402721368784
0.7487077880328593,-0.4203121767256566,-0.4087782201290008,-0.24286390619506368,0.7566859998938694,0.8499929636635305,0.45240727586851676,0.34010017089100913,0.7630526250592925,-0.4117882500110253,0.5798926603949065,0.47508200967235936,1.9389790853432822,-0.3760039791486757,1.0022971700469645,1.7640221896335169,-0.3444497271941236,-0.1337647087929112,-0.1669119490224717,-0.23284039451907024,-0.25074579570717087,-0.1485331966590566,-0.21770141114262714,-0.16698968096254968,-0.12589760290844915,-0.1876876099010998,-0.14862391781853257,-0.17430264496617842,-0.1487364435614731,-0.1950460057443092,-0.1532955989278172,3.7332662236868117,-0.22941573387056183,0.0,0.0,0.0,1.1218687418795847,0.6918405964344153,-0.08946537753150184,-0.1315900283424671,-0.4117882500110253,1.2283037086539,0.9502861878557968,1.0381387724973017,0.34281830648001677,-0.16012815380508716,-0.4445276036638913,-0.3144854510165755,2.098905763822046,-1.0944415004020078,-0.14285714285714288,-0.2847473987257497,-0.4445276036638914,-1.200139403050605,0.9071894220500956,0.5798926603949065,1.0022971700469645,0.0,0.0,0.0,0.0,0.0,0.0,0.7566859998938694,0.45240727586851676,0.8499929636635305,0.34010017089100913,1.1442808941063516,3.0310206989277035,1.5650687740180693,1.2746617443844204,-0.08372342095301777,-0.07376490539589507,-0.07956147994724865,-0.12704828537683235,-0.2620717643129237,-0.11839287202604867,-0.2635246497447018,-0.26009617986738126,1.3102482198698948,-0.1114112516719001,0.40074736134320155,-0.9886970023934313,0.5422978942754947,-0.6575548908898429,-0.29031533815483385,0.7744641828948537
0.9578280300916121,-0.555084474460081,-0.4087782201290008,-0.3146887947866482,-0.11809550287360965,-0.5009892302387697,-0.2565561339156427,-0.28448411999247825,-0.5100023847738482,-0.4117882500110253,-0.5997201052729793,-0.5470253644136008,-0.6374381250847041,-0.3760039791486757,-0.6394252708446829,-0.6393262976372862,-0.3499453845224995,-0.13368483426711233,-0.1759857649799886,-0.2853895489512814,-0.30978130818220456,-0.14853974430293676,-0.2892215660980589,-0.18891162874255094,-0.19855553968101464,-0.26371424707636953,-0.14865975179781724,-0.25728934112964524,-0.3496832464118788,-0.29423755816416164,-0.26040238606199867,-0.27075322872372104,-0.22941573387056183,0.0,0.0,0.0,-0.05780396251535196,-0.4386178944714921,-0.08938923653094795,-0.13156573457121165,-0.4117882500110253,-0.6669374718609833,-0.7225261598111561,-0.7284003912860656,-0.3299846428599375,-0.16012815380508716,-0.4445276036638913,-0.3144854510165755,2.098905763822046,-1.0944415004020078,-0.14285714285714288,-0.2847473987257497,-0.4445276036638914,-1.200139403050605,-0.7811518560663556,-0.5997201052729793,-0.6394252708446829,0.0,0.0,0.0,0.0,0.0,0.0,-0.11809550287360965,-0.2565561339156427,-0.5009892302387697,-0.28448411999247825,1.1442808941063516,-0.08100874989391038,-0.5023932788459589,1.2746617443844204,-0.08372342095301777,-0.07376490539589507,-0.07956147994724865,-0.12704828537683235,-0.2620717643129237,-0.11839287202604867,-0.2635246497447018,-0.26009617986738126,-0.7694015536136193,1.4260753264486892,0.18586941960421952,-0.9886970023934313,0.5422978942754947,-0.6575548908898429,-0.3349449058957768,0.39284627793387206
0.7312639185020267,-0.555084474460081,-0.4087782201290008,-0.2918726141184664,0.23181709823338198,0.1745018667123804,-0.07931528146960284,-0.21732451882221077,-0.3163175014462064,-0.4117882500110253,-0.12787499900582489,-0.3117068359848068,-0.3497052567419367,-0.3760039791486757,-0.330499005085502,-0.2940048568846391,-0.34756667258268825,-0.1337378108247161,-0.17246548461256295,-0.27854101011756743,-0.30535280203733434,-0.1485393871587251,-0.2665048305012357,-0.17796150694823018,-0.2026615507901246,-0.2593071015346999,-0.14865939464852204,-0.22239300773529266,-0.18068491412535942,-0.2941437371373948,-0.2311049648453698,6.233092725048248,-0.22941573387056183,0.0,0.0,0.0,0.4140651192426227,0.12661135098146162,-0.08944806027575819,-0.13156196010116855,-0.4117882500110253,-0.45527797088276534,-0.27464216390003354,-0.43535486720636785,-0.3114701623320312,-0.16012815380508716,-0.4445276036638913,-0.3144854510165755,2.098905763822046,-1.0944415004020078,-0.14285714285714288,-0.2847473987257497,-0.4445276036638914,-1.200139403050605,-0.31027502253662975,-0.12787499900582489,-0.330499005085502,0.0,0.0,0.0,0.0,0.0,0.0,0.23181709823338198,-0.07931528146960284,0.1745018667123804,-0.21732451882221077,1.1442808941063516,-0.547380498114799,0.738083952872458,1.2746617443844204,-0.08372342095301777,-0.07376490539589507,-0.07956147994724865,-0.12704828537683235,-0.2620717643129237,-0.11839287202604867,-0.2635246497447018,-0.26009617986738126,0.08449437986967795,-0.868849492363661,0.05363684007253828,1.400347798928986,0.5422978942754947,-0.6575548908898429,-0.27543881557451955,-0.531843261010045
0.5882489314265475,-0.4203121767256566,-0.4087782201290008,-0.1907688276354313,0.9316423004473653,0.8499929636635305,0.4449705967449067,0.34010017089100913,0.7329656528918919,-0.4117882500110253,0.43782585489488907,0.4109845706245532,1.9389790853432822,-0.3760039791486757,1.0022971700469645,1.7640221896335169,-0.3466333969560632,-0.1337819762311538,-0.15760737198940905,-0.14715117283893672,-0.19745712608454302,-0.1485393871587251,-0.16582735795492973,-0.15187896991848784,-0.06440851683465157,-0.15198779929487524,-0.14865939464852204,-0.11278755574531489,0.00021828144216864235,-0.07521927754787609,-0.05906272260799601,2.3340955842576845,-0.22941573387056183,0.0,0.0,0.0,1.357803282758572,0.6918405964344153,-0.08947433698717924,-0.13161320207946742,-0.4117882500110253,1.2283037086539,0.8449522727312531,0.9883956737520575,0.30546152477471566,-0.16012815380508716,-0.4445276036638913,3.1797973380564857,2.098905763822046,-1.0944415004020078,-0.14285714285714288,-0.2847473987257497,2.2495790852081776,-1.200139403050605,0.7946978758820158,0.43782585489488907,1.0022971700469645,0.0,0.0,0.0,0.0,0.0,0.0,0.9316423004473653,0.4449705967449067,0.8499929636635305,0.34010017089100913,1.1442808941063516,3.0317038606682614,1.5650687740180693,1.2746617443844204,-0.08372342095301777,-0.07376490539589507,-0.07956147994724865,-0.12704828537683235,-0.2620717643129237,-0.11839287202604867,-0.2635246497447018,-0.26009617986738126,-0.5490413127147038,-0.337512219042575,-0.14471202922498358,-0.7380978973596113,0.5422978942754947,-0.6575548908898429,-0.3200683833154625,0.7451089594363167
-1.6035340985834408,1.5484895245869763,-0.4087782201290008,-0.13267819332695616,0.05686079767988617,0.1745018667123804,0.32288511446564144,-0.16122649902116384,1.2482050512586282,-0.4117882500110253,1.3284930693764494,1.5490195500084287,0.047849317075169435,-0.3760039791486757,-0.07245471251018618,0.23238628213279636,-0.3488882942283299,-0.1338025173114807,-0.10238136588865711,0.37758046146322605,0.03890983047905098,-0.14853926811065457,-0.2902081597811789,-0.19389154140916684,-0.2213827780767681,-0.2695475663998047,-0.14865427550862423,-0.04473921121152892,0.6796689516404781,0.531795716134263,0.2596732673779225,-0.25785706980996714,-0.22941573387056183,0.0,0.0,0.0,0.6971865682974075,0.541112797646961,-0.08948755990020658,-0.1316346409130691,-0.4117882500110253,0.8437620198537786,0.6383689252306805,1.0192559618740789,0.32851178983792395,-0.16012815380508716,-0.4445276036638913,-0.3144854510165755,-0.47643873166512696,0.9137080416200247,-0.14285714285714288,-0.2847473987257497,-0.4445276036638914,0.551888922570716,0.6674914286661318,1.3284930693764494,-0.07245471251018618,0.0,0.0,0.0,0.0,0.0,0.0,0.05686079767988617,0.32288511446564144,0.1745018667123804,-0.16122649902116384,-0.36809072544012517,-0.5353682375099885,-0.08890086827315324,-0.915478709884343,-0.08372342095301777,-0.07376490539589507,-0.07956147994724865,-0.12704828537683235,-0.2620717643129237,-0.11839287202604867,-0.2635246497447018,-0.26009617986738126,0.7593476176226064,-0.8010192021524585,-0.3761190434054258,-0.6712714693505926,-1.8465429443522559,1.5718467229476767,1.5841265069647696,-0.531843261010045
-1.6035340985834408,2.074852255344589,-0.4087782201290008,-0.32271105352410995,0.05686079767988617,-0.05066183227133628,0.32288511446564144,-0.15174514356183197,1.2482050512586282,-0.4117882500110253,1.3284930693764494,1.5490195500084287,0.10056373570285201,-0.3760039791486757,0.17468630009715855,0.4446689171638467,3.640302830881901,-0.09841085000647065,-0.18405708034520524,-0.3334731654263328,-0.3258117299496129,-0.14853926811065457,-0.29720998573150814,-0.20085651896922455,-0.24017686461037957,-0.2796404825072872,-0.14865558505603996,-0.25724271848530444,-0.3493445654514177,-0.2941394405741125,-0.26031887401639564,-0.2632409031428935,-0.22941573387056183,0.0,0.0,0.0,0.17813057836363538,-0.06179839750285629,-0.06763380592746436,-0.09247667304803903,-0.4117882500110253,0.8437620198537786,0.837946863223484,1.1239505289073681,0.4097703026854472,-0.16012815380508716,2.249579085208177,-0.3144854510165755,-0.47643873166512696,-1.0944415004020078,-0.14285714285714288,3.5118845842842465,2.2495790852081776,-1.200139403050605,0.9063043152201526,1.3284930693764494,0.17468630009715855,0.0,0.0,0.0,0.0,0.0,0.0,0.05686079767988617,0.32288511446564144,-0.05066183227133628,-0.15174514356183197,-0.36809072544012517,1.3181064947687555,-0.08890086827315324,-0.915478709884343,-0.08372342095301777,-0.07376490539589507,-0.07956147994724865,-0.12704828537683235,-0.2620717643129237,-0.11839287202604867,-0.2635246497447018,-0.26009617986738126,0.7593476176226064,-0.8010192021524585,-0.3761190434054258,-0.6211516483438286,-1.8465429443522559,1.5599882037251367,-0.4688336091186056,1.0239835822924186
-1.6035340985834408,0.9686573496195103,-0.4087782201290008,-0.14304952656895986,0.05686079767988617,0.3996655656960971,0.32288511446564144,-4.345621252194316e-05,1.2482050512586282,-0.4117882500110253,1.3284930693764494,1.5490195500084287,0.1532781543305346,-0.3760039791486757,0.4072896060805418,0.46249672605755016,-0.3484614645537842,-0.13380044240248898,-0.11649460260194806,0.2787757197974811,0.01055398674631634,-0.14853903001451346,-0.2863703505779028,-0.1900739293790728,-0.20069956090514135,-0.2601540738070334,-0.14865427550862423,-0.055458839936257436,0.3833955928628567,0.36242773552809127,0.21924567136112136,-0.2631407388018158,-0.22941573387056183,0.0,0.0,0.0,0.6971865682974075,0.8425683952218697,-0.08948721926459209,-0.1316300978496383,-0.4117882500110253,0.8437620198537786,0.9030177288575012,0.9807962617477464,0.29984836024091577,-0.16012815380508716,-0.4445276036638913,-0.3144854510165755,-0.47643873166512696,0.9137080416200247,-0.14285714285714288,-0.2847473987257497,-0.4445276036638914,0.551888922570716,0.9278419147487681,1.3284930693764494,0.4072896060805418,0.0,0.0,0.0,0.0,0.0,0.0,0.05686079767988617,0.32288511446564144,0.3996655656960971,-4.345621252194316e-05,-0.36809072544012517,-0.5353682375099885,-0.08890086827315324,-0.915478709884343,-0.08372342095301777,-0.07376490539589507,-0.07956147994724865,-0.12704828537683235,-0.2620717643129237,-0.11839287202604867,-0.2635246497447018,-0.26009617986738126,0.7593476176226064,-0.8010192021524585,-0.3761190434054258,-0.6712714693505926,-1.8465429443522559,1.5718467229476767,1.5841265069647696,-0.531843261010045
0.932672568120435,-0.5730296988866757,2.3668763609938437,-0.32275707265205866,-0.4680081039806013,-0.05066183227133628,-0.22495024764029994,-0.20191731620079648,-0.41410016099025854,3.172034403668546,-0.17901904898583115,-0.5470253644136008,-0.463919830435249,0.7147925473918513,-0.13302849011002554,-0.5489933630705252,7.544614303246365,0.06184438089860686,-0.18407749565376186,-0.33356004600633327,-0.3258602005327522,-0.14853950620679565,-0.2972608967733543,-0.20090716208239723,-0.24033273795833937,-0.2797223842391659,-0.1486598708475823,-0.25728334551127513,-0.34963969243039916,-0.294209144020437,-0.2603876420216024,-0.27067810546791277,-0.22941573387056183,0.0,0.0,0.0,-0.8127944933281115,-0.5139817938652192,-0.03663877065713879,0.2472094923076072,3.172034403668546,-0.5392954827214472,-0.11159667416045824,-0.6435794041910388,-0.32843351359809286,-0.16012815380508716,-0.4445276036638913,-0.3144854510165755,-0.47643873166512696,-1.0944415004020078,-0.14285714285714288,-0.2847473987257497,-0.4445276036638914,4.055945573813358,-0.05857276777156235,-0.17901904898583115,-0.13302849011002554,0.0,0.0,0.0,0.0,0.0,0.0,-0.4680081039806013,-0.22495024764029994,-0.05066183227133628,-0.20191731620079648,-0.36809072544012517,-0.5474374282598455,-0.08890086827315324,-0.915478709884343,-0.08372342095301777,-0.07376490539589507,-0.07956147994724865,-0.12704828537683235,-0.2620717643129237,-0.11839287202604867,-0.2635246497447018,-0.26009617986738126,1.0347979187462506,0.7477724243366645,-1.351334317451575,-0.8550441463753939,0.8525369642271506,0.9670622425981367,-1.1382771252327497,-0.7813626604076099
-1.6035340985834408,1.5122328466638566,-0.4087782201290008,-0.14743944246890026,0.05686079767988617,0.1745018667123804,0.32288511446564144,-0.13554782798547335,1.2482050512586282,-0.4117882500110253,1.3284930693764494,1.5490195500084287,0.19061753419180977,-0.3760039791486757,0.04566415380950064,0.4139930695848969,-0.3487395527658044,-0.1338015974918943,-0.1087260046149431,0.3366343074227401,0.016912001023257538,-0.14853891096644292,-0.29391780408437757,-0.19758166303042185,-0.2321428989360241,-0.27528068763131536,-0.14865427550862423,-0.06047421944628444,0.6034663855961417,0.4876902738635193,0.2283104424566293,-0.11554858222382436,-0.22941573387056183,0.0,0.0,0.0,0.6971865682974075,0.541112797646961,-0.08948706294301977,-0.13163345352984251,-0.4117882500110253,0.8437620198537786,0.709305717955395,1.047797162194506,0.35019539422641655,-0.16012815380508716,-0.4445276036638913,-0.3144854510165755,-0.47643873166512696,0.9137080416200247,-0.14285714285714288,-0.2847473987257497,-0.4445276036638914,0.551888922570716,0.743002105095652,1.3284930693764494,0.04566415380950064,0.0,0.0,0.0,0.0,0.0,0.0,0.05686079767988617,0.32288511446564144,0.1745018667123804,-0.13554782798547335,-0.36809072544012517,-0.5353682375099885,-0.08890086827315324,-0.915478709884343,-0.08372342095301777,-0.07376490539589507,-0.07956147994724865,-0.12704828537683235,-0.2620717643129237,-0.11839287202604867,-0.2635246497447018,-0.26009617986738126,0.7593476176226064,-0.8010192021524585,-0.3761190434054258,-0.6712714693505926,-1.8465429443522559,1.5718467229476767,1.5841265069647696,-0.531843261010045
0.4726987602081242,-0.5717936757756602,-0.4087782201290008,-0.322679450026603,-0.4680081039806013,-0.5009892302387697,-0.2565561339156427,-0.28448411999247825,-0.5100023847738482,-0.4117882500110253,-0.5997201052729793,-0.5470253644136008,-0.6374381250847041,-0.3760039791486757,-0.6394252708446829,-0.6393262976372862,-0.3499453845224995,-0.12755313939052254,-0.1838333063210649,-0.333589612243277,-0.32570499993592494,-0.14829057669127915,-0.2972608967733543,-0.20090716208239723,-0.24033273795833937,-0.2797223842391659,-0.1486598708475823,-0.25728934112964524,-0.3496832464118788,-0.29423755816416164,-0.26040238606199867,-0.27075322872372104,-0.22941573387056183,0.0,0.0,0.0,-0.671233768800719,-0.5516637435620828,-0.08611116596721659,-0.12356739965237913,-0.4117882500110253,-0.6669374718609833,-0.7225261598111561,-0.7284003912860656,-0.3299846428599375,-0.16012815380508716,-0.4445276036638913,-0.3144854510165755,-0.47643873166512696,0.9137080416200247,-0.14285714285714288,-0.2847473987257497,-0.4445276036638914,0.551888922570716,-0.7811518560663556,-0.5997201052729793,-0.6394252708446829,0.0,0.0,0.0,0.0,0.0,0.0,-0.4680081039806013,-0.2565561339156427,-0.5009892302387697,-0.28448411999247825,-0.36809072544012517,1.3163985904173607,-0.5023932788459589,-0.915478709884343,-0.08372342095301777,-0.07376490539589507,-0.07956147994724865,-0.12704828537683235,-0.2620717643129237,-0.11839287202604867,-0.2635246497447018,-0.26009617986738126,-0.8933541891192591,-0.9932050244175322,0.7313288101724047,1.1664553008974208,0.5422978942754947,-0.6575548908898429,-0.26056229299420525,-0.4144223671758968
-1.6035340985834408,2.3723218173956386,-0.4087782201290008,-0.3226792916130817,0.05686079767988617,-0.05066183227133628,0.32288511446564144,-0.18690517005685434,1.2482050512586282,-0.4117882500110253,1.3284930693764494,1.5490195500084287,-0.0949189000414709,-0.3760039791486757,-0.040956348158269734,0.1575392322909277,1.9423540945167594,-0.11194415742532413,-0.1840411532270511,-0.3333471244060774,-0.3257495234031735,-0.14853879191837238,-0.29717851631911985,-0.20082521517037732,-0.24003959626663288,-0.2795763274594013,-0.14865653745416046,-0.2572061183671943,-0.3490786911465643,-0.2939711755667432,-0.2602301846741649,-0.26248967058481076,-0.22941573387056183,0.0,0.0,0.0,0.17813057836363538,-0.06179839750285629,-0.07599007116862473,-0.1074509345849017,-0.4117882500110253,0.8437620198537786,0.7286769190456059,1.0947057260154442,0.38659628171419674,-0.16012815380508716,2.249579085208177,-0.3144854510165755,-0.47643873166512696,-1.0944415004020078,-0.14285714285714288,3.5118845842842465,2.2495790852081776,-1.200139403050605,0.7881425534227499,1.3284930693764494,-0.040956348158269734,0.0,0.0,0.0,0.0,0.0,0.0,0.05686079767988617,0.32288511446564144,-0.05066183227133628,-0.18690517005685434,-0.36809072544012517,1.3181064947687555,-0.08890086827315324,-0.915478709884343,-0.08372342095301777,-0.07376490539589507,-0.07956147994724865,-0.12704828537683235,-0.2620717643129237,-0.11839287202604867,-0.2635246497447018,-0.26009617986738126,0.7593476176226064,-0.8010192021524585,-0.3761190434054258,-0.6211516483438286,-1.319136525434441,-0.8591497176730228,0.7361647198868538,1.1560820878558353
0.90747586768701,-0.5717936757756602,-0.4087782201290008,-0.32244777025164606,-0.4680081039806013,-0.5009892302387697,-0.2565561339156427,-0.28448411999247825,-0.5100023847738482,-0.4117882500110253,-0.5997201052729793,-0.5470253644136008,-0.6374381250847041,-0.3760039791486757,-0.6394252708446829,-0.6393262976372862,-0.3499453845224995,-0.13216325666415904,-0.18313624666120282,-0.333589612243277,-0.32524318737669844,-0.14759414547857155,-0.2972608967733543,-0.20090716208239723,-0.24033273795833937,-0.2797223842391659,-0.1486598708475823,-0.25728934112964524,-0.3496832464118788,-0.29423755816416164,-0.26040238606199867,-0.27075322872372104,-0.22941573387056183,0.0,0.0,0.0,-0.671233768800719,-0.5516637435620828,-0.08860190539599674,-0.1295185405110196,-0.4117882500110253,-0.6669374718609833,-0.7225261598111561,-0.7284003912860656,-0.3299846428599375,-0.16012815380508716,-0.4445276036638913,-0.3144854510165755,-0.47643873166512696,0.9137080416200247,-0.14285714285714288,-0.2847473987257497,-0.4445276036638914,0.551888922570716,-0.7811518560663556,-0.5997201052729793,-0.6394252708446829,0.0,0.0,0.0,0.0,0.0,0.0,-0.4680081039806013,-0.2565561339156427,-0.5009892302387697,-0.28448411999247825,-0.36809072544012517,1.3163985904173607,-0.5023932788459589,-0.915478709884343,-0.08372342095301777,-0.07376490539589507,-0.07956147994724865,-0.12704828537683235,-0.2620717643129237,-0.11839287202604867,-0.2635246497447018,-0.26009617986738126,-1.3616197010294544,1.3243298911318855,-1.367863389893035,-1.0722300374047047,0.5422978942754947,-0.6575548908898429,-0.26056229299420525,-0.4144223671758968
-1.6035340985834408,1.7274839825155086,-0.4087782201290008,-0.32056150084969326,0.05686079767988617,-0.05066183227133628,0.32288511446564144,-0.16122649902116384,1.2482050512586282,-0.4117882500110253,1.3284930693764494,1.5490195500084287,0.047849317075169435,-0.3760039791486757,0.11653547360131272,0.3672406875351941,-0.25864723512324767,-0.13298782980271956,-0.1829791798563638,-0.324462109150138,-0.32154916055679295,-0.14853903001451346,-0.295069631900213,-0.19872742914161273,-0.23117434078771631,-0.2754027157150541,-0.14865737080251593,-0.25482800555844853,-0.33180336192534476,-0.28214689603833343,-0.2542416281749126,-0.2639420535304374,-0.22941573387056183,0.0,0.0,0.0,0.17813057836363538,-0.06179839750285629,-0.08898368038706465,-0.13073522453136233,-0.4117882500110253,0.8437620198537786,0.8084808108609102,1.1144923045548965,0.4022351157100865,-0.16012815380508716,2.249579085208177,-0.3144854510165755,-0.47643873166512696,-1.0944415004020078,-0.14285714285714288,3.5118845842842465,2.2495790852081776,-1.200139403050605,0.8744404693422014,1.3284930693764494,0.11653547360131272,0.0,0.0,0.0,0.0,0.0,0.0,0.05686079767988617,0.32288511446564144,-0.05066183227133628,-0.16122649902116384,-0.36809072544012517,1.3181064947687555,-0.08890086827315324,-0.915478709884343,-0.08372342095301777,-0.07376490539589507,-0.07956147994724865,-0.12704828537683235,-0.2620717643129237,-0.11839287202604867,-0.2635246497447018,-0.26009617986738126,0.7593476176226064,-0.8010192021524585,-0.3761190434054258,-0.6211516483438286,-1.8465429443522559,1.5718467229476767,-1.2126597381343214,-0.1942581912368689
0.679839556078981,-0.5717936757756602,-0.4087782201290008,-0.3226866182384435,-0.4680081039806013,-0.5009892302387697,-0.2565561339156427,-0.28448411999247825,-0.5100023847738482,-0.4117882500110253,-0.5997201052729793,-0.5470253644136008,-0.6374381250847041,-0.3760039791486757,-0.6394252708446829,-0.6393262976372862,-0.3499453845224995,-0.12696081591206967,-0.18385487346609652,-0.333589612243277,-0.32571928849544973,-0.14831212439204838,-0.2972608967733543,-0.20090716208239723,-0.24033273795833937,-0.2797223842391659,-0.1486598708475823,-0.25728934112964524,-0.3496832464118788,-0.29423755816416164,-0.26040238606199867,-0.27075322872372104,-0.22941573387056183,0.0,0.0,0.0,-0.671233768800719,-0.5516637435620828,-0.0857911473310722,-0.12280277692264704,-0.4117882500110253,-0.6669374718609833,-0.7225261598111561,-0.7284003912860656,-0.3299846428599375,-0.16012815380508716,-0.4445276036638913,-0.3144854510165755,-0.47643873166512696,0.9137080416200247,-0.14285714285714288,-0.2847473987257497,-0.4445276036638914,0.551888922570716,-0.7811518560663556,-0.5997201052729793,-0.6394252708446829,0.0,0.0,0.0,0.0,0.0,0.0,-0.4680081039806013,-0.2565561339156427,-0.5009892302387697,-0.28448411999247825,-0.36809072544012517,1.3163985904173607,-0.5023932788459589,-0.915478709884343,-0.08372342095301777,-0.07376490539589507,-0.07956147994724865,-0.12704828537683235,-0.2620717643129237,-0.11839287202604867,-0.2635246497447018,-0.26009617986738126,-1.3616197010294544,1.2904147460262843,1.7891894464258546,2.068612079019173,0.5422978942754947,-0.6575548908898429,-0.26056229299420525,-0.4144223671758968
0.7337382262368966,-0.5730296988866757,2.3668763609938437,-0.32226591152914996,-0.4680081039806013,-0.5009892302387697,-0.23796443610661755,-0.2323366649661529,-0.45358931195997193,1.6963427227416639,-0.3522488956923039,-0.5470253644136008,-0.3475088226324499,2.447234089544453,0.32006336633677307,-0.6393262976372862,-0.29736601258994627,-0.13276772795698283,-0.18258908461708545,-0.333589612243277,-0.32488068425328503,-0.14704747673861374,-0.2972608967733543,-0.20090716208239723,-0.24033273795833937,-0.2797223842391659,-0.1486598708475823,-0.25728934112964524,-0.3496832464118788,-0.29423755816416164,-0.26040238606199867,-0.27075322872372104,-0.22941573387056183,0.0,0.0,0.0,-0.8127944933281115,-0.6647095926526736,-0.08892848721447061,-0.1302988446974598,1.6963427227416639,-0.4536622495012522,-0.09391704274291394,-0.40269555455259587,-0.30711340017253397,-0.16012815380508716,-0.4445276036638913,-0.3144854510165755,-0.47643873166512696,-1.0944415004020078,-0.14285714285714288,-0.2847473987257497,-0.4445276036638914,0.551888922570716,0.111035828516283,-0.3522488956923039,0.32006336633677307,0.0,0.0,0.0,0.0,0.0,0.0,-0.4680081039806013,-0.23796443610661755,-0.5009892302387697,-0.2323366649661529,-0.36809072544012517,-0.5474374282598455,-0.5023932788459589,-0.03942252817683768,-0.08372342095301777,-0.07376490539589507,-0.07956147994724865,-0.12704828537683235,-0.2620717643129237,-0.11839287202604867,-0.2635246497447018,-0.26009617986738126,0.7593476176226064,-0.8010192021524585,-0.3761190434054258,-0.7715111113641206,0.5422978942754947,-0.6575548908898429,-1.2870423510358928,-0.7960402721368784
0.12872874659896288,-0.5717936757756602,-0.4087782201290008,-0.32262939135386015,-0.4680081039806013,-0.5009892302387697,-0.2565561339156427,-0.28448411999247825,-0.5100023847738482,-0.4117882500110253,-0.5997201052729793,-0.5470253644136008,-0.6374381250847041,-0.3760039791486757,-0.6394252708446829,-0.6393262976372862,-0.3499453845224995,-0.12990960835759774,-0.18368269377233573,-0.333589612243277,-0.3256052168462049,-0.1481400999301061,-0.2972608967733543,-0.20090716208239723,-0.24033273795833937,-0.2797223842391659,-0.1486598708475823,-0.25728934112964524,-0.3496832464118788,-0.29423755816416164,-0.26040238606199867,-0.27075322872372104,-0.22941573387056183,0.0,0.0,0.0,-0.5296730442733266,-0.4386178944714921,-0.08738431149055406,-0.12660933501317256,-0.4117882500110253,-0.6669374718609833,-0.7225261598111561,-0.7284003912860656,-0.3299846428599375,-0.16012815380508716,-0.4445276036638913,-0.3144854510165755,-0.47643873166512696,0.9137080416200247,-0.14285714285714288,-0.2847473987257497,-0.4445276036638914,0.551888922570716,-0.7811518560663556,-0.5997201052729793,-0.6394252708446829,0.0,0.0,0.0,0.0,0.0,0.0,-0.4680081039806013,-0.2565561339156427,-0.5009892302387697,-0.28448411999247825,-0.36809072544012517,-0.5345712154793376,-0.5023932788459589,-0.915478709884343,-0.08372342095301777,-0.07376490539589507,-0.07956147994724865,-0.12704828537683235,-0.2620717643129237,-0.11839287202604867,-0.2635246497447018,-0.26009617986738126,-1.3616197010294544,1.3243298911318855,1.6734859393356336,-0.754804504361866,0.5422978942754947,-0.6575548908898429,-0.26056229299420525,-0.45845520236370235
0.4638324908248404,-0.5717936757756602,-0.4087782201290008,-0.32276150823065614,-0.29305180342710546,-0.7261529292224864,-0.2565561339156427,-0.28448411999247825,-0.5100023847738482,-0.4117882500110253,-0.5997201052729793,-0.5470253644136008,-0.6374381250847041,-0.3760039791486757,-0.6394252708446829,-0.6393262976372862,-0.3499453845224995,0.46205356457454233,-0.18408019651170324,-0.333589612243277,-0.32586856841844075,-0.14853724429345525,-0.2972600291955692,-0.20090457304640233,-0.24033273795833937,-0.2797206566858568,-0.14865725175275088,-0.25728934112964524,-0.3496832464118788,-0.29423755816416164,-0.26040238606199867,-0.27075322872372104,-0.22941573387056183,0.0,0.0,0.0,-0.4352992279217317,-0.7400734920464007,0.5543727822581795,-0.13164874375170219,-0.4117882500110253,-0.6669374718609833,-0.7225261598111561,-0.7284003912860656,-0.3299846428599375,-0.16012815380508716,-0.4445276036638913,-0.3144854510165755,-0.47643873166512696,0.9137080416200247,-0.14285714285714288,-0.2847473987257497,-0.4445276036638914,-1.200139403050605,-0.7811518560663556,-0.5997201052729793,-0.6394252708446829,0.0,0.0,0.0,0.0,0.0,0.0,-0.29305180342710546,-0.2565561339156427,-0.7261529292224864,-0.28448411999247825,0.04521332144923913,-0.5474374282598455,-0.5023932788459589,1.2746617443844204,-0.08372342095301777,-0.07376490539589507,-0.07956147994724865,-0.12704828537683235,-0.2620717643129237,-0.11839287202604867,-0.2635246497447018,-0.26009617986738126,0.7593476176226064,-0.8010192021524585,-0.4091771882883461,0.548310841813998,0.4957620337827463,1.9868948957365766,1.2270899650372262,2.9027178836387897
0.4892353835695045,-0.5744946151663977,-0.4087782201290008,-0.32276154783403643,-0.6429644045340971,-0.275825531255053,-0.2565561339156427,-0.28448411999247825,-0.5100023847738482,-0.4117882500110253,-0.5997201052729793,-0.5470253644136008,-0.6374381250847041,-0.3760039791486757,-0.6394252708446829,-0.6393262976372862,-0.3499453845224995,0.4904281839462752,-0.18408031566720062,-0.333589612243277,-0.3258686473607586,-0.14853736334152579,-0.2972608967733543,-0.20090716208239723,-0.24033273795833937,-0.2797223842391659,-0.1486598708475823,-0.2572884015178111,-0.3496695951639524,-0.29423755816416164,-0.2604000225135382,-0.2702273659330631,-0.22941573387056183,0.0,0.0,0.0,-0.9071683096797064,-0.17484424659344702,-0.08949346238127293,1.480002165199011,-0.4117882500110253,-0.6669374718609833,-0.7225261598111561,-0.7284003912860656,-0.3299846428599375,-0.16012815380508716,2.249579085208177,-0.3144854510165755,-0.47643873166512696,-1.0944415004020078,-0.14285714285714288,-0.2847473987257497,-0.4445276036638914,-1.200139403050605,-0.7811518560663556,-0.5997201052729793,-0.6394252708446829,0.0,0.0,0.0,0.0,0.0,0.0,-0.6429644045340971,-0.2565561339156427,-0.275825531255053,-0.28448411999247825,-0.36809072544012517,-0.547380498114799,-0.5023932788459589,-0.915478709884343,-0.08372342095301777,-0.07376490539589507,-0.07956147994724865,-0.12704828537683235,-0.2620717643129237,-0.11839287202604867,-0.2635246497447018,-0.26009617986738126,-1.4304822763103655,-0.48447784783351366,0.5660380857578031,-0.5710318273370646,0.5422978942754947,-0.6575548908898429,-0.26056229299420525,-0.45845520236370235
-1.6035340985834408,2.0149738024109523,-0.4087782201290008,-0.14201956145660005,0.05686079767988617,0.1745018667123804,0.32288511446564144,-0.13949839276019496,1.2482050512586282,-0.4117882500110253,1.3284930693764494,1.5490195500084287,0.16865319309694202,-0.3760039791486757,0.027492020529548817,0.3860535638230353,-0.3487846268726034,-0.1338019526765809,-0.10639644655167656,0.35057413989431707,0.024517067094746044,-0.14853926811065457,-0.2923204356405186,-0.19599270103028837,-0.22916410605632767,-0.27375533658458073,-0.14865737080251593,-0.055293960431079106,0.6285536956148955,0.5034469094006608,0.23915316474403864,-0.2642675876389399,-0.22941573387056183,0.0,0.0,0.0,0.6971865682974075,0.541112797646961,-0.08948725484106723,-0.131633912033168,-0.4117882500110253,0.8437620198537786,0.6983923652285161,1.0429085382212697,0.34645643114130587,-0.16012815380508716,-0.4445276036638913,-0.3144854510165755,-0.47643873166512696,0.9137080416200247,-0.14285714285714288,-0.2847473987257497,-0.4445276036638914,0.551888922570716,0.7313850779526488,1.3284930693764494,0.027492020529548817,0.0,0.0,0.0,0.0,0.0,0.0,0.05686079767988617,0.32288511446564144,0.1745018667123804,-0.13949839276019496,-0.36809072544012517,-0.5353682375099885,-0.08890086827315324,-0.915478709884343,-0.08372342095301777,-0.07376490539589507,-0.07956147994724865,-0.12704828537683235,-0.2620717643129237,-0.11839287202604867,-0.2635246497447018,-0.26009617986738126,0.7593476176226064,-0.8010192021524585,-0.3761190434054258,-0.6712714693505926,-1.8465429443522559,1.5718467229476767,1.5841265069647696,-0.531843261010045
-1.6035340985834408,2.043081883528118,-0.4087782201290008,-0.15380833928415652,0.05686079767988617,0.1745018667123804,0.32288511446564144,-0.13910333628272278,1.2482050512586282,-0.4117882500110253,1.3284930693764494,1.5490195500084287,0.1708496272064288,-0.3760039791486757,0.029309233857543998,0.38884751439922144,-0.3487026812164218,-0.1338011509922043,-0.11146346599027981,0.3097516685791567,0.003341737648282755,-0.14853891096644292,-0.29348070262208226,-0.19714686189455358,-0.23220079530789098,-0.2755850511143086,-0.14865689460345569,-0.06833908370184252,0.5653778870759999,0.4568980016626558,0.208962997508915,-0.26196380779415285,-0.22941573387056183,0.0,0.0,0.0,0.6971865682974075,0.541112797646961,-0.08948682170959406,-0.13163287714915828,-0.4117882500110253,0.8437620198537786,0.6994837005012038,1.0433893753033943,0.3468237325124791,-0.16012815380508716,-0.4445276036638913,-0.3144854510165755,-0.47643873166512696,0.9137080416200247,-0.14285714285714288,-0.2847473987257497,-0.4445276036638914,0.551888922570716,0.7325467806669492,1.3284930693764494,0.029309233857543998,0.0,0.0,0.0,0.0,0.0,0.0,0.05686079767988617,0.32288511446564144,0.1745018667123804,-0.13910333628272278,-0.36809072544012517,-0.5353682375099885,-0.08890086827315324,-0.915478709884343,-0.08372342095301777,-0.07376490539589507,-0.07956147994724865,-0.12704828537683235,-0.2620717643129237,-0.11839287202604867,-0.2635246497447018,-0.26009617986738126,0.7593476176226064,-0.8010192021524585,-0.3761190434054258,-0.6712714693505926,-1.8465429443522559,1.5718467229476767,1.5841265069647696,-0.531843261010045
1.0340779467878523,-0.5730296988866757,2.3668763609938437,-0.32271655839397645,-0.4680081039806013,-0.5009892302387697,-0.21937273829759238,-0.23154655201120858,-0.3971762391460957,3.804473695494353,-0.10477768611162855,-0.5470253644136008,-0.34311595441347637,2.490010423918591,0.33460107296073455,-0.6393262976372862,0.3322797788417695,-0.12248321392611092,-0.18394495502214023,-0.333589612243277,-0.325778968887719,-0.1484021247333829,-0.2972608967733543,-0.20090716208239723,-0.24033273795833937,-0.2797223842391659,-0.1486598708475823,-0.25728934112964524,-0.3496832464118788,-0.29423755816416164,-0.26040238606199867,-0.27075322872372104,-0.22941573387056183,0.0,0.0,0.0,-0.8127944933281115,-0.6647095926526736,-0.0833720028384605,-0.1170226983377156,3.804473695494353,-0.450430806738226,0.10907131797703927,-0.4921047254206072,-0.3179466839060523,-0.16012815380508716,-0.4445276036638913,-0.3144854510165755,-0.47643873166512696,-1.0944415004020078,-0.14285714285714288,-0.2847473987257497,-0.4445276036638914,0.551888922570716,0.39913810166276004,-0.10477768611162855,0.33460107296073455,0.0,0.0,0.0,0.0,0.0,0.0,-0.4680081039806013,-0.21937273829759238,-0.5009892302387697,-0.23154655201120858,-0.36809072544012517,-0.5474374282598455,-0.5023932788459589,-0.03942252817683768,-0.08372342095301777,-0.07376490539589507,-0.07956147994724865,-0.12704828537683235,-0.2620717643129237,-0.11839287202604867,-0.2635246497447018,-0.26009617986738126,0.7593476176226064,-0.8010192021524585,-0.4422353331712664,-0.9886970023934313,0.5422978942754947,-0.6575548908898429,-1.2870423510358928,-0.7960402721368784
0.9888393537019813,-0.5717936757756602,-0.4087782201290008,-0.3227307364041362,-0.4680081039806013,-0.5009892302387697,-0.2565561339156427,-0.28448411999247825,-0.5100023847738482,-0.4117882500110253,-0.5997201052729793,-0.5470253644136008,-0.6374381250847041,-0.3760039791486757,-0.6394252708446829,-0.6393262976372862,-0.3499453845224995,-0.11740659098061061,-0.18398761269021385,-0.333589612243277,-0.32580723023749736,-0.1484447439426392,-0.2972608967733543,-0.20090716208239723,-0.24033273795833937,-0.2797223842391659,-0.1486598708475823,-0.25728934112964524,-0.3496832464118788,-0.29423755816416164,-0.26040238606199867,-0.27075322872372104,-0.22941573387056183,0.0,0.0,0.0,-0.671233768800719,-0.5516637435620828,-0.0806292212160239,-0.11046935133119844,-0.4117882500110253,-0.6669374718609833,-0.7225261598111561,-0.7284003912860656,-0.3299846428599375,-0.16012815380508716,-0.4445276036638913,-0.3144854510165755,-0.47643873166512696,0.9137080416200247,-0.14285714285714288,-0.2847473987257497,-0.4445276036638914,0.551888922570716,-0.7811518560663556,-0.5997201052729793,-0.6394252708446829,0.0,0.0,0.0,0.0,0.0,0.0,-0.4680081039806013,-0.2565561339156427,-0.5009892302387697,-0.28448411999247825,-0.36809072544012517,1.3163985904173607,-0.5023932788459589,-0.915478709884343,-0.08372342095301777,-0.07376490539589507,-0.07956147994724865,-0.12704828537683235,-0.2620717643129237,-0.11839287202604867,-0.2635246497447018,-0.26009617986738126,-1.3616197010294544,1.2904147460262843,1.7891894464258546,2.068612079019173,0.5422978942754947,-0.6575548908898429,-0.26056229299420525,-0.4144223671758968
-1.5885645367874779,1.82238309026125,-0.4087782201290008,-0.3227582607534687,-0.29305180342710546,-0.5009892302387697,-0.2373447128463167,-0.28448411999247825,-0.4517088761995094,-0.4117882500110253,-0.4718599803229636,-0.44874524729607956,-0.6374381250847041,-0.3760039791486757,-0.6394252708446829,-0.6393262976372862,0.862850508339626,0.055259742620178,-0.18407662184678086,-0.3335739690493457,-0.3258640687063252,-0.1485368871492436,-0.2972567954965519,-0.20089492300314868,-0.24033273795833937,-0.2797142176235231,-0.14864748967201552,-0.25728934112964524,-0.3496832464118788,-0.29423755816416164,-0.26040238606199867,-0.27075322872372104,4.358898943540674,0.0,0.0,0.0,-0.4352992279217317,-0.5516637435620828,0.046709012446303516,0.03106601147889866,-0.4117882500110253,-0.6168501090340768,-0.5702848892711911,-0.6294116663964817,-0.3278720645994036,-0.16012815380508716,2.249579085208177,-0.3144854510165755,-0.47643873166512696,0.9137080416200247,-0.14285714285714288,-0.2847473987257497,-0.4445276036638914,-1.200139403050605,-0.5890836739687042,-0.4718599803229636,-0.6394252708446829,0.0,0.0,0.0,0.0,0.0,0.0,-0.29305180342710546,-0.2373447128463167,-0.5009892302387697,-0.28448411999247825,-0.3437244305810827,-0.547380498114799,-0.5023932788459589,1.2746617443844204,-0.08372342095301777,-0.07376490539589507,-0.07956147994724865,-0.12704828537683235,-0.2620717643129237,-0.11839287202604867,-0.2635246497447018,-0.26009617986738126,1.131205524139526,-0.9705949276804647,1.0619102590016078,0.1640588807621407,0.5422978942754947,-0.6575548908898429,-0.3349449058957768,-0.590553707927119
-1.5885645367874779,1.9394390567377862,-0.4087782201290008,-0.32272356819229564,-0.29305180342710546,-0.5009892302387697,-0.2373447128463167,-0.28448411999247825,-0.4517088761995094,-0.4117882500110253,-0.4718599803229636,-0.44874524729607956,-0.6374381250847041,-0.3760039791486757,-0.6394252708446829,-0.6393262976372862,-0.22124051425958008,-0.11374853281898215,-0.18402443173891425,-0.3333184635484685,-0.32579467840896453,-0.14853724429345525,-0.2972222501265617,-0.20079183229717054,-0.24033273795833937,-0.2796454295917631,-0.14854320207781824,-0.25728934112964524,-0.3496832464118788,-0.29423755816416164,-0.26040238606199867,-0.27075322872372104,4.358898943540674,0.0,0.0,0.0,-0.4352992279217317,-0.5516637435620828,-0.07503932219548931,-0.11438105544151599,-0.4117882500110253,-0.6168501090340768,-0.5702848892711911,-0.6294116663964817,-0.3278720645994036,-0.16012815380508716,2.249579085208177,-0.3144854510165755,-0.47643873166512696,0.9137080416200247,-0.14285714285714288,-0.2847473987257497,-0.4445276036638914,-1.200139403050605,-0.5890836739687042,-0.4718599803229636,-0.6394252708446829,0.0,0.0,0.0,0.0,0.0,0.0,-0.29305180342710546,-0.2373447128463167,-0.5009892302387697,-0.28448411999247825,-0.1932810191407826,-0.547380498114799,-0.5023932788459589,1.2746617443844204,-0.08372342095301777,-0.07376490539589507,-0.07956147994724865,-0.12704828537683235,-0.2620717643129237,-0.11839287202604867,-0.2635246497447018,-0.26009617986738126,-1.2927571257485433,1.3130248427633517,-0.8885202890906906,-0.7046846833551019,0.5422978942754947,-0.6575548908898429,-0.30519186073514815,-0.531843261010045
0.5144733224651773,-0.5717936757756602,-0.4087782201290008,-0.3221644476687329,-0.4680081039806013,-0.5009892302387697,-0.2565561339156427,-0.28448411999247825,-0.5100023847738482,-0.4117882500110253,-0.5997201052729793,-0.5470253644136008,-0.6374381250847041,-0.3760039791486757,-0.6394252708446829,-0.6393262976372862,-0.3499453845224995,-0.13294517662384006,-0.1822838082327151,-0.333589612243277,-0.32467843403503915,-0.14674247558186898,-0.2972608967733543,-0.20090716208239723,-0.24033273795833937,-0.2797223842391659,-0.1486598708475823,-0.25728934112964524,-0.3496832464118788,-0.29423755816416164,-0.26040238606199867,-0.27075322872372104,-0.22941573387056183,0.0,0.0,0.0,-0.671233768800719,-0.5516637435620828,-0.08902435861315569,-0.1305279108901323,-0.4117882500110253,-0.6669374718609833,-0.7225261598111561,-0.7284003912860656,-0.3299846428599375,-0.16012815380508716,-0.4445276036638913,-0.3144854510165755,-0.47643873166512696,0.9137080416200247,-0.14285714285714288,-0.2847473987257497,-0.4445276036638914,0.551888922570716,-0.7811518560663556,-0.5997201052729793,-0.6394252708446829,0.0,0.0,0.0,0.0,0.0,0.0,-0.4680081039806013,-0.2565561339156427,-0.5009892302387697,-0.28448411999247825,-0.36809072544012517,1.3163985904173607,-0.5023932788459589,-0.915478709884343,-0.08372342095301777,-0.07376490539589507,-0.07956147994724865,-0.12704828537683235,-0.2620717643129237,-0.11839287202604867,-0.2635246497447018,-0.26009617986738126,-1.3616197010294544,1.3243298911318855,-1.4339796796588757,-0.37055254331000864,0.5422978942754947,-0.6575548908898429,-0.26056229299420525,-0.4144223671758968
-1.6035340985834408,2.2583787980135113,-0.4087782201290008,-0.32270150910944934,0.05686079767988617,-0.05066183227133628,0.32288511446564144,-0.17939909698488327,1.2482050512586282,-0.4117882500110253,1.3284930693764494,1.5490195500084287,-0.05318665196122219,-0.3760039791486757,0.0050797228176083795,0.21883658074694412,2.8293326015427493,-0.10396193961370326,-0.18405229426605915,-0.33343109864945686,-0.3257906523507559,-0.14853903001451346,-0.29720056068193323,-0.20084714352069763,-0.24013282257117574,-0.2796203800687819,-0.14865737080251593,-0.2572312641696123,-0.3492613578450088,-0.2940777286057106,-0.26028882318596974,-0.2635163550808572,-0.22941573387056183,0.0,0.0,0.0,0.17813057836363538,-0.06179839750285629,-0.07106137730376096,-0.09861881295668105,-0.4117882500110253,0.8437620198537786,0.7520042104993102,1.0995977832877273,0.3904471362857665,-0.16012815380508716,2.249579085208177,-0.3144854510165755,-0.47643873166512696,-1.0944415004020078,-0.14285714285714288,3.5118845842842465,2.2495790852081776,-1.200139403050605,0.8133680980761281,1.3284930693764494,0.0050797228176083795,0.0,0.0,0.0,0.0,0.0,0.0,0.05686079767988617,0.32288511446564144,-0.05066183227133628,-0.17939909698488327,-0.36809072544012517,1.3181064947687555,-0.08890086827315324,-0.915478709884343,-0.08372342095301777,-0.07376490539589507,-0.07956147994724865,-0.12704828537683235,-0.2620717643129237,-0.11839287202604867,-0.2635246497447018,-0.26009617986738126,0.7593476176226064,-0.8010192021524585,-0.3761190434054258,-0.6211516483438286,-1.319136525434441,-0.8591497176730228,0.7361647198868538,1.1560820878558353
-1.6035340985834408,2.140636152030855,-0.4087782201290008,-0.32241608754737844,0.05686079767988617,-0.05066183227133628,0.32288511446564144,-0.16201661197610817,1.2482050512586282,-0.4117882500110253,1.3284930693764494,1.5490195500084287,0.04345644885619589,-0.3760039791486757,0.11168957139332544,0.36078833506613983,0.22937467349991583,-0.1285662144729195,-0.18390916865441742,-0.33226494053951755,-0.3252348984333277,-0.14853950620679565,-0.296916350086592,-0.20056442863561982,-0.23897833827850815,-0.27907031139015254,-0.14865701365322073,-0.25691761279069775,-0.3469828995601405,-0.29250829113592014,-0.2594964717020813,-0.2642675876389399,-0.22941573387056183,0.0,0.0,0.0,0.17813057836363538,-0.06179839750285629,-0.08625351330028758,-0.12584281927412358,-0.4117882500110253,0.8437620198537786,0.8060253064973624,1.1137558946482267,0.4016500505548353,-0.16012815380508716,2.249579085208177,-0.3144854510165755,-0.47643873166512696,-1.0944415004020078,-0.14285714285714288,3.5118845842842465,2.2495790852081776,-1.200139403050605,0.8717851488523722,1.3284930693764494,0.11168957139332544,0.0,0.0,0.0,0.0,0.0,0.0,0.05686079767988617,0.32288511446564144,-0.05066183227133628,-0.16201661197610817,-0.36809072544012517,1.3181064947687555,-0.08890086827315324,-0.915478709884343,-0.08372342095301777,-0.07376490539589507,-0.07956147994724865,-0.12704828537683235,-0.2620717643129237,-0.11839287202604867,-0.2635246497447018,-0.26009617986738126,0.7593476176226064,-0.8010192021524585,-0.3761190434054258,-0.6211516483438286,-1.8465429443522559,1.5718467229476767,-1.1531536478130642,-0.810717883866147
-1.6035340985834408,1.3282027390237798,-0.4087782201290008,-0.1537173307161478,0.05686079767988617,0.1745018667123804,0.32288511446564144,-0.15293031299424845,1.2482050512586282,-0.4117882500110253,1.3284930693764494,1.5490195500084287,0.0939744333743917,-0.3760039791486757,-0.03429323262228737,0.29105924423270574,-0.34873671264316647,-0.13380115760942335,-0.11142434894270074,0.314265112508095,0.005350030213534606,-0.1485393871587251,-0.29439319727528057,-0.1980545543776694,-0.22841468671320464,-0.27409048192653507,-0.14865534695650984,-0.06634912006743104,0.5750150180526539,0.45975047595702756,0.21182626764387555,0.30476603402347574,-0.22941573387056183,0.0,0.0,0.0,0.6971865682974075,0.541112797646961,-0.08948682528472403,-0.13163288569124093,-0.4117882500110253,0.8437620198537786,0.6612869659571269,1.027633690640101,0.3348401817916308,-0.16012815380508716,-0.4445276036638913,-0.3144854510165755,-0.47643873166512696,0.9137080416200247,-0.14285714285714288,-0.2847473987257497,-0.4445276036638914,0.551888922570716,0.6918871856664384,1.3284930693764494,-0.03429323262228737,0.0,0.0,0.0,0.0,0.0,0.0,0.05686079767988617,0.32288511446564144,0.1745018667123804,-0.15293031299424845,-0.36809072544012517,-0.5353682375099885,-0.08890086827315324,-0.915478709884343,-0.08372342095301777,-0.07376490539589507,-0.07956147994724865,-0.12704828537683235,-0.2620717643129237,-0.11839287202604867,-0.2635246497447018,-0.26009617986738126,0.7593476176226064,-0.8010192021524585,-0.3761190434054258,-0.6712714693505926,-1.8465429443522559,1.5718467229476767,1.5841265069647696,-0.531843261010045
-1.6035340985834408,2.1157783539093225,-0.4087782201290008,-0.14270588803779724,0.05686079767988617,0.3996655656960971,0.32288511446564144,-0.018216054176241375,1.2482050512586282,-0.4117882500110253,1.3284930693764494,1.5490195500084287,0.10276016981233879,-0.3760039791486757,0.3404161556103192,0.39210247732149106,-0.3485054628103637,-0.13380046721271507,-0.11636536357056722,0.2703949741484312,0.006615791337404425,-0.14853926811065457,-0.28406077964315135,-0.18777651298397535,-0.20305317458521527,-0.25991190224316574,-0.14865701365322073,-0.0575529662539946,0.3757894100449758,0.35446611102638725,0.21363089316840217,-0.23624661322245327,-0.22941573387056183,0.0,0.0,0.0,0.6971865682974075,0.8425683952218697,-0.08948723117960515,-0.13163013343541666,-0.4117882500110253,0.8437620198537786,0.8578364485682214,0.9637614374695703,0.2873563764898653,-0.16012815380508716,-0.4445276036638913,-0.3144854510165755,-0.47643873166512696,0.9137080416200247,-0.14285714285714288,-0.2847473987257497,-0.4445276036638914,0.551888922570716,0.8803411815418217,1.3284930693764494,0.3404161556103192,0.0,0.0,0.0,0.0,0.0,0.0,0.05686079767988617,0.32288511446564144,0.3996655656960971,-0.018216054176241375,-0.36809072544012517,-0.5353682375099885,-0.08890086827315324,-0.915478709884343,-0.08372342095301777,-0.07376490539589507,-0.07956147994724865,-0.12704828537683235,-0.2620717643129237,-0.11839287202604867,-0.2635246497447018,-0.26009617986738126,0.7593476176226064,-0.8010192021524585,-0.3761190434054258,-0.6712714693505926,-1.8465429443522559,1.5718467229476767,1.5841265069647696,-0.531843261010045
-1.6035340985834408,1.0132457388835487,-0.4087782201290008,-0.3227602409224854,-0.6429644045340971,-0.275825531255053,-0.2565561339156427,-0.28448411999247825,-0.5100023847738482,-0.4117882500110253,-0.5997201052729793,-0.5470253644136008,-0.6374381250847041,-0.3760039791486757,-0.6394252708446829,-0.6393262976372862,-0.3499453845224995,0.10894719017075397,-0.18407638353578604,-0.333589612243277,-0.32586604226427063,-0.1485334347551977,-0.2972608967733543,-0.20090716208239723,-0.24033273795833937,-0.2797223842391659,-0.1486598708475823,-0.25728692498492894,-0.3496481432029251,-0.29423755816416164,-0.26039630836595745,-0.26940101011917206,-0.22941573387056183,0.0,0.0,0.0,-0.9071683096797064,-0.3632539950777649,-0.08949346238127293,0.4951043875069085,-0.4117882500110253,-0.6669374718609833,-0.7225261598111561,-0.7284003912860656,-0.3299846428599375,6.244997998398399,-0.4445276036638913,-0.3144854510165755,-0.47643873166512696,0.9137080416200247,-0.14285714285714288,-0.2847473987257497,-0.4445276036638914,-1.200139403050605,-0.7811518560663556,-0.5997201052729793,-0.6394252708446829,0.0,0.0,0.0,0.0,0.0,0.0,-0.6429644045340971,-0.2565561339156427,-0.275825531255053,-0.28448411999247825,-0.36809072544012517,-0.5337741934486867,-0.5023932788459589,-0.915478709884343,-0.08372342095301777,-0.07376490539589507,-0.07956147994724865,-0.12704828537683235,-0.2620717643129237,-0.11839287202604867,-0.2635246497447018,-0.26009617986738126,-0.34245358687197064,-0.6427485249929861,0.2354566369286,0.6151372698230168,0.8525369642271506,0.9670622425981367,-1.1382771252327497,-0.6492641548441932
-1.6035340985834408,1.9409039730175082,-0.4087782201290008,-0.1098586463714459,0.05686079767988617,0.1745018667123804,0.32288511446564144,-0.15293031299424845,1.2482050512586282,-0.4117882500110253,1.3284930693764494,1.5490195500084287,0.0939744333743917,-0.3760039791486757,-0.03429323262228737,0.29105924423270574,-0.34898570197581813,-0.13380368827137745,-0.0925731321858037,0.48843640150828643,0.09396365032805587,-0.14853914906258403,-0.2949873303166863,-0.198645560685229,-0.2354738858191055,-0.2772815869889393,-0.14865534695650984,-0.017942376570741242,0.8094424815318346,0.6668780216469733,0.33816479840113534,0.08705883869109401,-0.22941573387056183,0.0,0.0,0.0,0.6971865682974075,0.541112797646961,-0.08948819254267776,-0.13163615249007932,-0.4117882500110253,0.8437620198537786,0.6612869659571269,1.027633690640101,0.3348401817916308,-0.16012815380508716,-0.4445276036638913,-0.3144854510165755,-0.47643873166512696,0.9137080416200247,-0.14285714285714288,-0.2847473987257497,-0.4445276036638914,0.551888922570716,0.6918871856664384,1.3284930693764494,-0.03429323262228737,0.0,0.0,0.0,0.0,0.0,0.0,0.05686079767988617,0.32288511446564144,0.1745018667123804,-0.15293031299424845,-0.36809072544012517,-0.5353682375099885,-0.08890086827315324,-0.915478709884343,-0.08372342095301777,-0.07376490539589507,-0.07956147994724865,-0.12704828537683235,0.17362097854368852,-0.11839287202604867,0.17100448509866603,0.17665515436407497,0.7593476176226064,-0.8010192021524585,-0.3761190434054258,-0.6712714693505926,-1.8465429443522559,1.5718467229476767,1.5841265069647696,-0.531843261010045
1.0037264385734483,-0.5730296988866757,2.3668763609938437,-0.3227511321450085,-0.4680081039806013,-0.5009892302387697,-0.2274291406815033,-0.25959556191173205,-0.4216219040321087,2.890950273968188,-0.21201521026325454,-0.5470253644136008,-0.49906277618703737,0.9714505536366811,-0.1814875121898971,-0.6393262976372862,1.2259729496827159,-0.08765473043698906,-0.18404897777138118,-0.333589612243277,-0.32584788553117283,-0.1485060536989716,-0.2972608967733543,-0.20090716208239723,-0.24033273795833937,-0.2797223842391659,-0.1486598708475823,-0.25728934112964524,-0.3496832464118788,-0.29423755816416164,-0.26040238606199867,-0.27075322872372104,-0.22941573387056183,0.0,0.0,0.0,-0.8127944933281115,-0.6647095926526736,-0.06455498107481526,-0.07206305873767936,2.890950273968188,-0.565147024825657,-0.20850724637514548,-0.6773094365043448,-0.3294218748737807,-0.16012815380508716,-0.4445276036638913,-0.3144854510165755,-0.47643873166512696,-1.0944415004020078,-0.14285714285714288,-0.2847473987257497,-0.4445276036638914,0.551888922570716,-0.051602551485760484,-0.21201521026325454,-0.1814875121898971,0.0,0.0,0.0,0.0,0.0,0.0,-0.4680081039806013,-0.2274291406815033,-0.5009892302387697,-0.25959556191173205,-0.36809072544012517,-0.5474374282598455,-0.5023932788459589,-0.03942252817683768,-0.08372342095301777,-0.07376490539589507,-0.07956147994724865,-0.12704828537683235,-0.2620717643129237,-0.11839287202604867,-0.2635246497447018,-0.26009617986738126,0.7593476176226064,-0.8010192021524585,-0.4422353331712664,-0.4707921853235366,0.5422978942754947,-0.6575548908898429,-1.2870423510358928,-0.7960402721368784
-0.20324087449607947,-0.5717936757756602,-0.4087782201290008,-0.3226622621595378,-0.4680081039806013,-0.5009892302387697,-0.2565561339156427,-0.28448411999247825,-0.5100023847738482,-0.4117882500110253,-0.5997201052729793,-0.5470253644136008,-0.6374381250847041,-0.3760039791486757,-0.6394252708446829,-0.6393262976372862,-0.3499453845224995,-0.12862789074856695,-0.18378159283518794,-0.333589612243277,-0.3256707389699926,-0.1482389098286612,-0.2972608967733543,-0.20090716208239723,-0.24033273795833937,-0.2797223842391659,-0.1486598708475823,-0.25728934112964524,-0.3496832464118788,-0.29423755816416164,-0.26040238606199867,-0.27075322872372104,-0.22941573387056183,0.0,0.0,0.0,-0.5296730442733266,-0.4386178944714921,-0.08669182919652847,-0.12495478230234203,-0.4117882500110253,-0.6669374718609833,-0.7225261598111561,-0.7284003912860656,-0.3299846428599375,-0.16012815380508716,-0.4445276036638913,-0.3144854510165755,-0.47643873166512696,0.9137080416200247,-0.14285714285714288,-0.2847473987257497,-0.4445276036638914,0.551888922570716,-0.7811518560663556,-0.5997201052729793,-0.6394252708446829,0.0,0.0,0.0,0.0,0.0,0.0,-0.4680081039806013,-0.2565561339156427,-0.5009892302387697,-0.28448411999247825,-0.36809072544012517,-0.5345712154793376,-0.5023932788459589,-0.915478709884343,-0.08372342095301777,-0.07376490539589507,-0.07956147994724865,-0.12704828537683235,-0.2620717643129237,-0.11839287202604867,-0.2635246497447018,-0.26009617986738126,-1.3616197010294544,1.3243298911318855,1.6734859393356336,-0.754804504361866,0.5422978942754947,-0.6575548908898429,-0.26056229299420525,-0.45845520236370235
0.6882109639152908,-0.5730296988866757,2.3668763609938437,-0.3227363600841437,-0.4680081039806013,-0.5009892302387697,-0.23052775698300748,-0.2615708442990929,-0.4310240828344214,2.5395951118427393,-0.2532604118600338,-0.5470253644136008,-0.5100449467344712,0.8645097177013353,-0.21783177874980073,-0.6393262976372862,0.2693445101976901,-0.11386051354122545,-0.1840045327708464,-0.333589612243277,-0.3258184400466273,-0.14846164876865708,-0.2972608967733543,-0.20090716208239723,-0.24033273795833937,-0.2797223842391659,-0.1486598708475823,-0.25728934112964524,-0.3496832464118788,-0.29423755816416164,-0.26040238606199867,-0.27075322872372104,-0.22941573387056183,0.0,0.0,0.0,-0.8127944933281115,-0.6647095926526736,-0.0787133578287098,-0.10589176575477299,2.5395951118427393,-0.5732256317332227,-0.2576173336461019,-0.6773094365043448,-0.3294218748737807,-0.16012815380508716,-0.4445276036638913,-0.3144854510165755,-0.47643873166512696,-1.0944415004020078,-0.14285714285714288,-0.2847473987257497,-0.4445276036638914,0.551888922570716,-0.12130471434377912,-0.2532604118600338,-0.21783177874980073,0.0,0.0,0.0,0.0,0.0,0.0,-0.4680081039806013,-0.23052775698300748,-0.5009892302387697,-0.2615708442990929,-0.36809072544012517,-0.5474374282598455,-0.5023932788459589,-0.03942252817683768,-0.08372342095301777,-0.07376490539589507,-0.07956147994724865,-0.12704828537683235,-0.2620717643129237,-0.11839287202604867,-0.2635246497447018,-0.26009617986738126,0.7593476176226064,-0.8010192021524585,-0.4257062607298062,0.347831557786942,0.5422978942754947,-0.6575548908898429,-1.2870423510358928,-0.7960402721368784
0.4450277520398293,-0.5730296988866757,2.3668763609938437,-0.32271342972693,-0.4680081039806013,-0.5009892302387697,-0.23424609654481252,-0.24616364167767857,-0.4423066973971967,2.1179689172922016,-0.30275465377616884,-0.5470253644136008,-0.42438401646448703,1.6986482379970325,0.06565350041744764,-0.6393262976372862,0.08787152721330069,-0.12320739518513472,-0.18393554173784465,-0.333589612243277,-0.3257727324446115,-0.1483927199358096,-0.2972608967733543,-0.20090716208239723,-0.24033273795833937,-0.2797223842391659,-0.1486598708475823,-0.25728934112964524,-0.3496832464118788,-0.29423755816416164,-0.26040238606199867,-0.27075322872372104,-0.22941573387056183,0.0,0.0,0.0,-0.8127944933281115,-0.6647095926526736,-0.08376326117493477,-0.11795753457372284,2.1179689172922016,-0.5102124978542112,-0.1692191765583805,-0.5336161261807553,-0.32180472224865064,-0.16012815380508716,-0.4445276036638913,-0.3144854510165755,-0.47643873166512696,-1.0944415004020078,-0.14285714285714288,-0.2847473987257497,-0.4445276036638914,0.551888922570716,0.0041591788006544285,-0.30275465377616884,0.06565350041744764,0.0,0.0,0.0,0.0,0.0,0.0,-0.4680081039806013,-0.23424609654481252,-0.5009892302387697,-0.24616364167767857,-0.36809072544012517,-0.5474374282598455,-0.5023932788459589,-0.03942252817683768,-0.08372342095301777,-0.07376490539589507,-0.07956147994724865,-0.12704828537683235,-0.2620717643129237,-0.11839287202604867,-0.2635246497447018,-0.26009617986738126,0.7593476176226064,-0.8010192021524585,-0.4091771882883461,0.5817240558185074,0.5422978942754947,-0.6575548908898429,-1.2870423510358928,-0.7960402721368784
0.4950912452086966,-0.5744946151663977,-0.4087782201290008,-0.32276226069488245,-0.6429644045340971,-0.275825531255053,-0.2565561339156427,-0.28448411999247825,-0.5100023847738482,-0.4117882500110253,-0.5997201052729793,-0.5470253644136008,-0.6374381250847041,-0.3760039791486757,-0.6394252708446829,-0.6393262976372862,-0.3499453845224995,4.235877941015028,-0.18408246046615406,-0.333589612243277,-0.3258700683224793,-0.14853950620679565,-0.2972608967733543,-0.20090716208239723,-0.24033273795833937,-0.2797223842391659,-0.1486598708475823,-0.2572892068993832,-0.3496812962336036,-0.29423755816416164,-0.2604020484122186,-0.27067810546791277,-0.22941573387056183,0.0,0.0,0.0,-0.9071683096797064,-0.17484424659344702,-0.08949346238127293,11.149907618903288,-0.4117882500110253,-0.6669374718609833,-0.7225261598111561,-0.7284003912860656,-0.3299846428599375,-0.16012815380508716,2.249579085208177,-0.3144854510165755,-0.47643873166512696,-1.0944415004020078,-0.14285714285714288,-0.2847473987257497,-0.4445276036638914,-1.200139403050605,-0.7811518560663556,-0.5997201052729793,-0.6394252708446829,0.0,0.0,0.0,0.0,0.0,0.0,-0.6429644045340971,-0.2565561339156427,-0.275825531255053,-0.28448411999247825,-0.36809072544012517,-0.547380498114799,-0.5023932788459589,-0.915478709884343,-0.08372342095301777,-0.07376490539589507,-0.07956147994724865,-0.12704828537683235,-0.2620717643129237,-0.11839287202604867,-0.2635246497447018,-0.26009617986738126,-1.4304822763103655,-0.48447784783351366,0.5660380857578031,-0.5710318273370646,0.5422978942754947,-0.6575548908898429,-0.26056229299420525,-0.45845520236370235
0.8518864205769334,-0.5717936757756602,-0.4087782201290008,-0.32255077864389614,-0.4680081039806013,-0.5009892302387697,-0.2565561339156427,-0.28448411999247825,-0.5100023847738482,-0.4117882500110253,-0.5997201052729793,-0.5470253644136008,-0.6374381250847041,-0.3760039791486757,-0.6394252708446829,-0.6393262976372862,-0.3499453845224995,-0.13135993780554675,-0.18344617010997227,-0.333589612243277,-0.32544851634533917,-0.14790378951006772,-0.2972608967733543,-0.20090716208239723,-0.24033273795833937,-0.2797223842391659,-0.1486598708475823,-0.25728934112964524,-0.3496832464118788,-0.29423755816416164,-0.26040238606199867,-0.27075322872372104,-0.22941573387056183,0.0,0.0,0.0,-0.671233768800719,-0.5516637435620828,-0.08816789085010429,-0.12848154656959804,-0.4117882500110253,-0.6669374718609833,-0.7225261598111561,-0.7284003912860656,-0.3299846428599375,-0.16012815380508716,-0.4445276036638913,-0.3144854510165755,-0.47643873166512696,0.9137080416200247,-0.14285714285714288,-0.2847473987257497,-0.4445276036638914,0.551888922570716,-0.7811518560663556,-0.5997201052729793,-0.6394252708446829,0.0,0.0,0.0,0.0,0.0,0.0,-0.4680081039806013,-0.2565561339156427,-0.5009892302387697,-0.28448411999247825,-0.36809072544012517,1.3163985904173607,-0.5023932788459589,-0.915478709884343,-0.08372342095301777,-0.07376490539589507,-0.07956147994724865,-0.12704828537683235,-0.2620717643129237,-0.11839287202604867,-0.2635246497447018,-0.26009617986738126,-1.3616197010294544,1.2904147460262843,-1.1199273032711328,-0.38725915031226327,0.5422978942754947,-0.6575548908898429,-0.26056229299420525,-0.4144223671758968
0.4611107523164836,-0.5717936757756602,-0.4087782201290008,-0.09569711121790742,-0.11809550287360965,-0.5009892302387697,-0.2565561339156427,-0.28448411999247825,-0.5100023847738482,-0.4117882500110253,-0.5997201052729793,-0.5470253644136008,-0.6374381250847041,-0.3760039791486757,-0.6394252708446829,-0.6393262976372862,-0.3499453845224995,-0.13380886941758166,0.04364248193888218,1.0108247088312434,0.12413129919699707,-0.1485383157260902,-0.07115900519598303,0.13646082141816718,0.9210749726195749,0.1679012052867187,-0.1447196807732138,-0.25728934112964524,-0.3496832464118788,-0.29423755816416164,-0.26040238606199867,-0.27075322872372104,-0.22941573387056183,0.0,0.0,0.0,-0.05780396251535196,-0.4386178944714921,-0.08948975650305215,-0.13164579225825648,-0.4117882500110253,-0.6669374718609833,-0.7225261598111561,-0.7284003912860656,-0.3299846428599375,-0.16012815380508716,-0.4445276036638913,3.1797973380564857,2.098905763822046,-1.0944415004020078,-0.14285714285714288,-0.2847473987257497,2.2495790852081776,-1.200139403050605,-0.7811518560663556,-0.5997201052729793,-0.6394252708446829,0.0,0.0,0.0,0.0,0.0,0.0,-0.11809550287360965,-0.2565561339156427,-0.5009892302387697,-0.28448411999247825,1.1442808941063516,1.1149797372428607,-0.5023932788459589,1.2746617443844204,-0.08372342095301777,-0.07376490539589507,-0.07956147994724865,-0.12704828537683235,-0.2620717643129237,-0.11839287202604867,-0.2635246497447018,-0.26009617986738126,0.7593476176226064,-0.8010192021524585,-0.4422353331712664,0.94926940986811,-1.768983176864342,1.5718467229476767,0.022091636031766747,-0.47313281409297087
0.8380715357239099,-0.5730296988866757,2.3668763609938437,-0.3176575829866647,-0.29305180342710546,-0.275825531255053,-0.20573882657097395,-0.044289781689404034,-0.43290451859488394,2.46932407941765,-0.2615094521793896,-0.5470253644136008,0.030277844199275237,6.125998845720348,1.5703061359974584,-0.6393262976372862,-0.3281651638849797,-0.13361003994244736,-0.17896318283082854,-0.3096138227947739,-0.31721609567416287,-0.1485356966685381,-0.2965023183063107,-0.1986434031552333,-0.24033273795833937,-0.27821187444585893,-0.14636982956678488,-0.25728777510992173,-0.3496604943320014,-0.29423755816416164,-0.26039844681456453,-0.26987679073929116,-0.22941573387056183,0.0,0.0,0.0,-0.7184206769765165,-0.5893456932589464,-0.08938356884233463,-0.13138617436282132,2.46932407941765,-0.17575817188099654,0.7134527919916094,0.06831102321365112,-0.19313507664497062,-0.16012815380508716,-0.4445276036638913,-0.3144854510165755,-0.47643873166512696,-1.0944415004020078,-0.14285714285714288,-0.2847473987257497,-0.4445276036638914,0.551888922570716,0.9172575122406986,-0.2615094521793896,1.5703061359974584,0.0,0.0,0.0,0.0,0.0,0.0,-0.29305180342710546,-0.20573882657097395,-0.275825531255053,-0.044289781689404034,-0.36809072544012517,-0.5474374282598455,-0.08890086827315324,-0.03942252817683768,-0.08372342095301777,-0.07376490539589507,-0.07956147994724865,-0.12704828537683235,-0.2620717643129237,-0.11839287202604867,-0.2635246497447018,-0.26009617986738126,0.7593476176226064,-0.8010192021524585,-0.3761190434054258,-0.9886970023934313,0.5422978942754947,-0.6575548908898429,-1.2870423510358928,-0.7960402721368784
0.8831451749607896,-0.5717936757756602,-0.4087782201290008,-0.3207083501839737,-0.29305180342710546,0.3996655656960971,-0.05142773475606511,0.08489368644399278,0.1124218519392531,-0.4117882500110253,0.765496067580413,0.502352660292836,1.41622776728543,-0.3760039791486757,0.7198502984957131,1.697225019246199,-0.2506295064906371,-0.13292880404571158,-0.18305281795376463,-0.3260428254557594,-0.3222330378560373,-0.14853903001451346,-0.2972146391032648,-0.20076911939048814,-0.24033273795833937,-0.27963027423773373,-0.14852022547316063,-0.25496872361646367,-0.34125441339157264,-0.28725664305936016,-0.25521664818981676,-0.2705779411268351,-0.22941573387056183,0.0,0.0,0.0,-0.1521777788669469,0.9179322946155968,-0.08922034838566766,-0.13001736087847532,-0.4117882500110253,0.8437620198537786,0.8318081023146144,1.121885895064403,0.4081221571846942,-0.16012815380508716,2.249579085208177,-0.3144854510165755,-0.47643873166512696,-1.0944415004020078,-0.14285714285714288,-0.2847473987257497,-0.4445276036638914,2.303917248192037,0.8996660139955799,0.765496067580413,0.7198502984957131,0.0,0.0,0.0,0.0,0.0,0.0,-0.29305180342710546,-0.05142773475606511,0.3996655656960971,0.08489368644399278,-0.36809072544012517,-0.5349127963496166,-0.08890086827315324,-0.915478709884343,-0.08372342095301777,-0.07376490539589507,-0.07956147994724865,-0.12704828537683235,-0.2620717643129237,-0.11839287202604867,-0.2635246497447018,-0.26009617986738126,-1.3616197010294544,1.3243298911318855,1.6734859393356336,-0.754804504361866,0.5422978942754947,-0.6575548908898429,-0.26056229299420525,-0.45845520236370235
0.47785356798910306,-0.5717936757756602,-0.4087782201290008,-0.32268261829702977,-0.4680081039806013,-0.5009892302387697,-0.2565561339156427,-0.28448411999247825,-0.5100023847738482,-0.4117882500110253,-0.5997201052729793,-0.5470253644136008,-0.6374381250847041,-0.3760039791486757,-0.6394252708446829,-0.6393262976372862,-0.3499453845224995,-0.12730446797676573,-0.18384283876085789,-0.333589612243277,-0.3257113153213503,-0.14830010053692302,-0.2972608967733543,-0.20090716208239723,-0.24033273795833937,-0.2797223842391659,-0.1486598708475823,-0.25728934112964524,-0.3496832464118788,-0.29423755816416164,-0.26040238606199867,-0.27075322872372104,-0.22941573387056183,0.0,0.0,0.0,-0.671233768800719,-0.5516637435620828,-0.08597681457043183,-0.1232463929354249,-0.4117882500110253,-0.6669374718609833,-0.7225261598111561,-0.7284003912860656,-0.3299846428599375,-0.16012815380508716,-0.4445276036638913,-0.3144854510165755,-0.47643873166512696,0.9137080416200247,-0.14285714285714288,-0.2847473987257497,-0.4445276036638914,0.551888922570716,-0.7811518560663556,-0.5997201052729793,-0.6394252708446829,0.0,0.0,0.0,0.0,0.0,0.0,-0.4680081039806013,-0.2565561339156427,-0.5009892302387697,-0.28448411999247825,-0.36809072544012517,1.3163985904173607,-0.5023932788459589,-0.915478709884343,-0.08372342095301777,-0.07376490539589507,-0.07956147994724865,-0.12704828537683235,-0.2620717643129237,-0.11839287202604867,-0.2635246497447018,-0.26009617986738126,-1.3616197010294544,1.3130248427633517,-0.607526057585868,1.0160958378771288,0.5422978942754947,-0.6575548908898429,-0.26056229299420525,-0.4144223671758968
0.5735680388663197,-0.5717936757756602,-0.4087782201290008,-0.32265861864854706,-0.4680081039806013,-0.5009892302387697,-0.2565561339156427,-0.28448411999247825,-0.5100023847738482,-0.4117882500110253,-0.5997201052729793,-0.5470253644136008,-0.6374381250847041,-0.3760039791486757,-0.6394252708446829,-0.6393262976372862,-0.3499453845224995,-0.1288099788159189,-0.18377063052942602,-0.333589612243277,-0.32566347627675346,-0.14822795740617076,-0.2972608967733543,-0.20090716208239723,-0.24033273795833937,-0.2797223842391659,-0.1486598708475823,-0.25728934112964524,-0.3496832464118788,-0.29423755816416164,-0.26040238606199867,-0.27075322872372104,-0.22941573387056183,0.0,0.0,0.0,-0.671233768800719,-0.5516637435620828,-0.08679020715568743,-0.12518983743720505,-0.4117882500110253,-0.6669374718609833,-0.7225261598111561,-0.7284003912860656,-0.3299846428599375,-0.16012815380508716,-0.4445276036638913,-0.3144854510165755,-0.47643873166512696,0.9137080416200247,-0.14285714285714288,-0.2847473987257497,-0.4445276036638914,0.551888922570716,-0.7811518560663556,-0.5997201052729793,-0.6394252708446829,0.0,0.0,0.0,0.0,0.0,0.0,-0.4680081039806013,-0.2565561339156427,-0.5009892302387697,-0.28448411999247825,-0.36809072544012517,1.3163985904173607,-0.5023932788459589,-0.915478709884343,-0.08372342095301777,-0.07376490539589507,-0.07956147994724865,-0.12704828537683235,-0.2620717643129237,-0.11839287202604867,-0.2635246497447018,-0.26009617986738126,-0.8933541891192591,-0.9932050244175322,0.7313288101724047,1.1664553008974208,0.5422978942754947,-0.6575548908898429,-0.26056229299420525,-0.4144223671758968
-0.1925188743116433,-0.5717936757756602,-0.4087782201290008,-0.32040601797849994,-0.29305180342710546,-0.5009892302387697,-0.2565561339156427,-0.28448411999247825,-0.5100023847738482,-0.4117882500110253,-0.5997201052729793,-0.5470253644136008,-0.6374381250847041,-0.3760039791486757,-0.6394252708446829,-0.6393262976372862,-0.3499453845224995,-0.13348295581653907,-0.18053800146237847,-0.3263673813562364,-0.32253775520280903,-0.14648223649965036,-0.29657929611706496,-0.19887312125805218,-0.24033273795833937,-0.27836515553946134,-0.14660221470819249,-0.25728934112964524,-0.3496832464118788,-0.29423755816416164,-0.26040238606199867,-0.27075322872372104,-0.22941573387056183,0.0,0.0,0.0,-0.1521777788669469,-0.4386178944714921,-0.08925539018876434,-0.13136432998770645,-0.4117882500110253,-0.6669374718609833,-0.7225261598111561,-0.7284003912860656,-0.3299846428599375,-0.16012815380508716,-0.4445276036638913,-0.3144854510165755,-0.47643873166512696,0.9137080416200247,-0.14285714285714288,-0.2847473987257497,-0.4445276036638914,-1.200139403050605,-0.7811518560663556,-0.5997201052729793,-0.6394252708446829,0.0,0.0,0.0,0.0,0.0,0.0,-0.29305180342710546,-0.2565561339156427,-0.5009892302387697,-0.28448411999247825,-0.36809072544012517,-0.5345712154793376,-0.5023932788459589,-0.915478709884343,-0.08372342095301777,-0.07376490539589507,-0.07956147994724865,-0.12704828537683235,-0.2620717643129237,-0.11839287202604867,-0.2635246497447018,-0.26009617986738126,-1.3616197010294544,1.3243298911318855,1.6734859393356336,-0.754804504361866,0.5422978942754947,-0.6575548908898429,-0.26056229299420525,-0.45845520236370235
-1.6035340985834408,2.0274713694223303,-0.4087782201290008,-0.32271303369312665,0.05686079767988617,-0.05066183227133628,0.32288511446564144,-0.161621555498636,1.2482050512586282,-0.4117882500110253,1.3284930693764494,1.5490195500084287,0.04565288296568266,-0.3760039791486757,0.11411252249731929,0.3640145113006673,3.7187892237891464,-0.09699020023819697,-0.18405807330768367,-0.33347801123220094,-0.3258141771614652,-0.14853891096644292,-0.29721207580526326,-0.20085859804358408,-0.24018253946841026,-0.279643702038454,-0.14865653745416046,-0.25724450822213135,-0.34935756663991907,-0.2941443242550652,-0.260322363064123,-0.2634662729103183,-0.22941573387056183,0.0,0.0,0.0,0.17813057836363538,-0.06179839750285629,-0.06675661265082677,-0.09090476009845382,-0.4117882500110253,0.8437620198537786,0.8072530586791362,1.114123098777212,0.4019417587652938,-0.16012815380508716,2.249579085208177,-0.3144854510165755,-0.47643873166512696,-1.0944415004020078,-0.14285714285714288,3.5118845842842465,2.2495790852081776,-1.200139403050605,0.8731128090972868,1.3284930693764494,0.11411252249731929,0.0,0.0,0.0,0.0,0.0,0.0,0.05686079767988617,0.32288511446564144,-0.05066183227133628,-0.161621555498636,-0.36809072544012517,1.3181064947687555,-0.08890086827315324,-0.915478709884343,-0.08372342095301777,-0.07376490539589507,-0.07956147994724865,-0.12704828537683235,-0.2620717643129237,-0.11839287202604867,-0.2635246497447018,-0.26009617986738126,0.7593476176226064,-0.8010192021524585,-0.3761190434054258,-0.6211516483438286,-1.8465429443522559,1.5718467229476767,-1.1531536478130642,-0.810717883866147
0.6447043862438288,-0.5717936757756602,-0.4087782201290008,-0.32082442769173414,-0.4680081039806013,-0.5009892302387697,-0.2565561339156427,-0.28448411999247825,-0.5100023847738482,-0.4117882500110253,-0.5997201052729793,-0.5470253644136008,-0.6374381250847041,-0.3760039791486757,-0.6394252708446829,-0.6393262976372862,-0.3499453845224995,-0.1335455492709288,-0.17825206282227182,-0.333589612243277,-0.32200734176939994,-0.14271436506679647,-0.2972608967733543,-0.20090716208239723,-0.24033273795833937,-0.2797223842391659,-0.1486598708475823,-0.25728934112964524,-0.3496832464118788,-0.29423755816416164,-0.26040238606199867,-0.27075322872372104,-0.22941573387056183,0.0,0.0,0.0,-0.5296730442733266,-0.4386178944714921,-0.0893487260284092,-0.1313029241877184,-0.4117882500110253,-0.6669374718609833,-0.7225261598111561,-0.7284003912860656,-0.3299846428599375,-0.16012815380508716,-0.4445276036638913,-0.3144854510165755,-0.47643873166512696,0.9137080416200247,-0.14285714285714288,-0.2847473987257497,-0.4445276036638914,0.551888922570716,-0.7811518560663556,-0.5997201052729793,-0.6394252708446829,0.0,0.0,0.0,0.0,0.0,0.0,-0.4680081039806013,-0.2565561339156427,-0.5009892302387697,-0.28448411999247825,-0.36809072544012517,-0.5345712154793376,-0.5023932788459589,-0.915478709884343,-0.08372342095301777,-0.07376490539589507,-0.07956147994724865,-0.12704828537683235,-0.2620717643129237,-0.11839287202604867,-0.2635246497447018,-0.26009617986738126,-1.3616197010294544,1.3243298911318855,1.6734859393356336,-0.754804504361866,0.5422978942754947,-0.6575548908898429,-0.26056229299420525,-0.45845520236370235
0.4806577834219556,-0.5717936757756602,-0.4087782201290008,4.2820488679625734,2.156336404321836,2.4261388565495476,0.017981270397628826,-0.005574246897132204,0.3023458637459698,-0.4117882500110253,-0.3713248014308143,-0.06362327515318825,0.9132443562129585,-0.3760039791486757,-0.27286738239765485,0.41503485993954153,-0.3499051776942051,-0.1338117510757265,0.29366164526393107,1.6640366685813976,0.4719588878436579,-0.1485376014376669,4.2880133781662755,0.7113215239266529,0.9865238343745739,0.521456768754944,-0.1486399895368164,4.756433499003536,5.25357767471178,0.8932582864728277,0.8879333735000694,2.1463375269075353,-0.22941573387056183,0.0,0.0,0.0,3.0093450689114833,3.2542131758211386,-0.08949248777601801,-0.13164670619953966,-0.4117882500110253,0.4737618234872754,-0.3584778354606469,0.0809846075649773,-0.18874661387449243,-0.16012815380508716,-0.4445276036638913,3.1797973380564857,2.098905763822046,-1.0944415004020078,-0.14285714285714288,-0.2847473987257497,2.2495790852081776,-1.200139403050605,-0.4252061444047404,-0.3713248014308143,-0.2728673823976548,0.0,0.0,0.0,0.0,0.0,0.0,2.156336404321836,0.017981270397628826,2.4261388565495476,-0.005574246897132204,1.1442808941063516,-0.5375885131668019,4.4595156480277085,1.2746617443844204,-0.04225657652305516,-0.052073504942049244,-0.014176387070293488,0.09415184819217323,0.562650857416376,0.0607991778337256,0.5622304481005437,0.5611133903678244,0.7593476176226064,-0.8010192021524585,-0.3926481158468859,-0.9552837883889219,1.116240173686058,-0.01719485287268303,1.732891732767913,0.6570432890607055
0.5662275925862057,-0.5730296988866757,2.3668763609938437,-0.3199109361209381,-0.4680081039806013,-0.5009892302387697,-0.22556997090060077,-0.1987568643810192,-0.4159805967507211,3.1017633712434565,-0.187268089305187,-0.5470253644136008,-0.16081192332607414,4.265228300445331,0.937915897855135,-0.6393262976372862,-0.3348571603500105,-0.1336313717575485,-0.17550362211895923,-0.333589612243277,-0.3201864582666445,-0.1399684022715292,-0.2972608967733543,-0.20090716208239723,-0.24033273795833937,-0.2797223842391659,-0.1486598708475823,-0.25728934112964524,-0.3496832464118788,-0.29423755816416164,-0.26040238606199867,-0.27075322872372104,-0.22941573387056183,0.0,0.0,0.0,-0.8127944933281115,-0.6647095926526736,-0.08939509392723079,-0.13141371132748023,3.1017633712434565,-0.3163259320726375,0.31533368451505606,-0.19513855075185546,-0.26867590705553557,-0.16012815380508716,-0.4445276036638913,-0.3144854510165755,-0.47643873166512696,-1.0944415004020078,-0.14285714285714288,-0.2847473987257497,-0.4445276036638914,0.551888922570716,0.6918871856664384,-0.187268089305187,0.937915897855135,0.0,0.0,0.0,0.0,0.0,0.0,-0.4680081039806013,-0.22556997090060077,-0.5009892302387697,-0.1987568643810192,-0.36809072544012517,-0.5474374282598455,-0.5023932788459589,-0.03942252817683768,-0.08372342095301777,-0.07376490539589507,-0.07956147994724865,-0.12704828537683235,-0.2620717643129237,-0.11839287202604867,-0.2635246497447018,-0.26009617986738126,0.7593476176226064,-0.8010192021524585,-0.4091771882883461,0.49819102080723404,0.5422978942754947,-0.6575548908898429,-1.2870423510358928,-0.7960402721368784
0.593032593047296,-0.5730296988866757,2.3668763609938437,-0.32082236831595673,-0.29305180342710546,-0.275825531255053,-0.21565439873578734,-0.1873002265343265,-0.4479480046785843,1.9071558200169327,-0.32750177473423636,-0.5470253644136008,-0.3672767296178309,2.2547405848608304,0.25464368652894653,-0.6393262976372862,-0.32403093554129603,-0.13327822506164916,-0.18213716753389964,-0.3276340461626606,-0.32367073534811147,-0.1485398633510073,-0.296427903793558,-0.19842133447694474,-0.24033273795833937,-0.2780636974870333,-0.1461451826601065,-0.25728934112964524,-0.3496832464118788,-0.29423755816416164,-0.26040238606199867,-0.27075322872372104,-0.22941573387056183,0.0,0.0,0.0,-0.7184206769765165,-0.5893456932589464,-0.08920429695886514,-0.13095783881788509,1.9071558200169327,-0.46820374193487024,-0.04480695547195754,-0.4557615041949078,-0.31395894512914435,-0.16012815380508716,-0.4445276036638913,-0.3144854510165755,-0.47643873166512696,-1.0944415004020078,-0.14285714285714288,-0.2847473987257497,-0.4445276036638914,0.551888922570716,0.020423016800858777,-0.32750177473423636,0.25464368652894653,0.0,0.0,0.0,0.0,0.0,0.0,-0.29305180342710546,-0.21565439873578734,-0.275825531255053,-0.1873002265343265,-0.36809072544012517,-0.5474374282598455,-0.08890086827315324,-0.03942252817683768,-0.08372342095301777,-0.07376490539589507,-0.07956147994724865,-0.12704828537683235,-0.2620717643129237,-0.11839287202604867,-0.2635246497447018,-0.26009617986738126,0.7593476176226064,-0.8010192021524585,-0.4422353331712664,-0.8216309323708846,0.5422978942754947,-0.6575548908898429,-1.2870423510358928,-0.7960402721368784
-1.2695850313005024,-0.555084474460081,-0.4087782201290008,-0.30221075972774974,0.23181709823338198,0.1745018667123804,-0.02539935782342988,-0.21653440586726647,-0.24674137830909235,-0.4117882500110253,0.01565830255096673,-0.23190704455880565,-0.34531238852296314,-0.3760039791486757,-0.3268645784295116,-0.28866602113189505,-0.3456722942733554,-0.13369976572130998,-0.1763535582820013,-0.3029619828626665,-0.31378352581086566,-0.14853426809169154,-0.27679899584011103,-0.1856414997558298,-0.21451036340364593,-0.26378185723087344,-0.14865058496590722,-0.23407247232028863,-0.2372470180735987,-0.2858861130738169,-0.23753618020628883,3.5607081050952036,-0.22941573387056183,0.0,0.0,0.0,0.4140651192426227,0.12661135098146162,-0.08942522151254312,-0.13151830504986628,-0.4117882500110253,-0.44073647844914726,-0.18722620855773114,-0.3733365383461103,-0.3028043413931133,-0.16012815380508716,-0.4445276036638913,-0.3144854510165755,2.098905763822046,-1.0944415004020078,-0.14285714285714288,-0.2847473987257497,-0.4445276036638914,-1.200139403050605,-0.21837143002753825,0.01565830255096673,-0.3268645784295116,0.0,0.0,0.0,0.0,0.0,0.0,0.23181709823338198,-0.02539935782342988,0.1745018667123804,-0.21653440586726647,1.1442808941063516,-0.547380498114799,0.738083952872458,1.2746617443844204,-0.08372342095301777,-0.07376490539589507,-0.07956147994724865,-0.12704828537683235,-0.2620717643129237,-0.11839287202604867,-0.2635246497447018,-0.26009617986738126,1.0072528886338863,0.8947380531276032,-1.4339796796588757,2.3192111840529925,0.5422978942754947,-0.6575548908898429,-0.3200683833154625,-0.3557119202588227
0.8191430815521553,-0.5730296988866757,2.3668763609938437,-0.3138836184610671,-0.29305180342710546,-0.275825531255053,-0.21937273829759238,-0.1801892099398276,-0.45358931195997193,1.6963427227416639,-0.3522488956923039,-0.5470253644136008,-0.3475088226324499,2.447234089544453,0.32006336633677307,-0.6393262976372862,-0.3440652906159686,-0.13369649716557028,-0.1751782481740253,-0.2814125818347601,-0.3083616095385926,-0.1484799821715215,-0.28843964190152416,-0.17458266787058746,-0.24033273795833937,-0.2621571718688689,-0.122029747949875,-0.24734314717466235,-0.20517893657549968,-0.29423755816416164,-0.2353832126586607,5.29572978015786,-0.22941573387056183,0.0,0.0,0.0,-0.7184206769765165,-0.5893456932589464,-0.08943027967456586,-0.1314977808757389,1.6963427227416639,-0.4536622495012522,-0.027127324054413256,-0.4194096525827535,-0.30940052444127436,-0.16012815380508716,-0.4445276036638913,-0.3144854510165755,-0.47643873166512696,-1.0944415004020078,-0.14285714285714288,-0.2847473987257497,-0.4445276036638914,0.551888922570716,0.04133366565826437,-0.3522488956923039,0.32006336633677307,0.0,0.0,0.0,0.0,0.0,0.0,-0.29305180342710546,-0.21937273829759238,-0.275825531255053,-0.1801892099398276,-0.36809072544012517,-0.5474374282598455,-0.08890086827315324,-0.03942252817683768,-0.08372342095301777,-0.07376490539589507,-0.07956147994724865,-0.12704828537683235,-0.2620717643129237,-0.11839287202604867,-0.2635246497447018,-0.26009617986738126,0.7593476176226064,-0.8010192021524585,-0.4257062607298062,-0.13666004527844328,0.5422978942754947,-0.6575548908898429,-1.2870423510358928,-0.7960402721368784
-1.6035340985834408,2.1483727411331373,-0.4087782201290008,-0.15874727684567433,0.05686079767988617,0.1745018667123804,0.32288511446564144,-0.1596462731112752,1.2482050512586282,-0.4117882500110253,1.3284930693764494,1.5490195500084287,0.05663505351311653,-0.3760039791486757,-0.06518585919820545,0.243562084437541,-0.3487163471497685,-0.13380078086979372,-0.1135863062877499,0.2927069902289466,-0.005508248775172013,-0.14853914906258403,-0.2939776669515522,-0.1976412108583042,-0.2327098376285711,-0.27561002211213925,-0.14865522790674476,-0.07336927328411214,0.5410173434944741,0.43660808487743763,0.19634536287762488,-0.2634412318250489,-0.22941573387056183,0.0,0.0,0.0,0.6971865682974075,0.541112797646961,-0.08948662174104081,-0.13163239936291782,-0.4117882500110253,0.8437620198537786,0.6427342663214323,1.0207887497874877,0.32966736941366526,-0.16012815380508716,-0.4445276036638913,-0.3144854510165755,-0.47643873166512696,0.9137080416200247,-0.14285714285714288,-0.2847473987257497,-0.4445276036638914,0.551888922570716,0.6721382395233331,1.3284930693764494,-0.06518585919820545,0.0,0.0,0.0,0.0,0.0,0.0,0.05686079767988617,0.32288511446564144,0.1745018667123804,-0.1596462731112752,-0.36809072544012517,-0.5353682375099885,-0.08890086827315324,-0.915478709884343,-0.08372342095301777,-0.07376490539589507,-0.07956147994724865,-0.12704828537683235,-0.2620717643129237,-0.11839287202604867,-0.2635246497447018,-0.26009617986738126,0.7593476176226064,-0.8010192021524585,-0.3761190434054258,-0.6712714693505926,-1.8465429443522559,1.5718467229476767,1.5841265069647696,-0.531843261010045
1.0904096862183899,-0.5717936757756602,-0.4087782201290008,-0.3227138257607334,-0.4680081039806013,-0.5009892302387697,-0.2565561339156427,-0.28448411999247825,-0.5100023847738482,-0.4117882500110253,-0.5997201052729793,-0.5470253644136008,-0.6374381250847041,-0.3760039791486757,-0.6394252708446829,-0.6393262976372862,-0.3499453845224995,-0.12312088582912564,-0.1839367332928188,-0.333589612243277,-0.3257735218677897,-0.1483939104165151,-0.2972608967733543,-0.20090716208239723,-0.24033273795833937,-0.2797223842391659,-0.1486598708475823,-0.25728934112964524,-0.3496832464118788,-0.29423755816416164,-0.26040238606199867,-0.27075322872372104,-0.22941573387056183,0.0,0.0,0.0,-0.671233768800719,-0.5516637435620828,-0.08371652217651439,-0.11784586076313572,-0.4117882500110253,-0.6669374718609833,-0.7225261598111561,-0.7284003912860656,-0.3299846428599375,-0.16012815380508716,-0.4445276036638913,-0.3144854510165755,-0.47643873166512696,0.9137080416200247,-0.14285714285714288,-0.2847473987257497,-0.4445276036638914,0.551888922570716,-0.7811518560663556,-0.5997201052729793,-0.6394252708446829,0.0,0.0,0.0,0.0,0.0,0.0,-0.4680081039806013,-0.2565561339156427,-0.5009892302387697,-0.28448411999247825,-0.36809072544012517,1.3163985904173607,-0.5023932788459589,-0.915478709884343,-0.08372342095301777,-0.07376490539589507,-0.07956147994724865,-0.12704828537683235,-0.2620717643129237,-0.11839287202604867,-0.2635246497447018,-0.26009617986738126,-1.3616197010294544,1.3130248427633517,-0.607526057585868,1.0160958378771288,0.5422978942754947,-0.6575548908898429,-0.26056229299420525,-0.4144223671758968
0.9066510984420534,-0.5717936757756602,-0.4087782201290008,1.0452999194376316,-0.29305180342710546,-0.7261529292224864,-0.2565561339156427,-0.28448411999247825,-0.5100023847738482,-0.4117882500110253,-0.5997201052729793,-0.5470253644136008,-0.6374381250847041,-0.3760039791486757,-0.6394252708446829,-0.6393262976372862,-0.3499453845224995,-0.13381306274354215,3.9267818427924057,-0.333589612243277,2.3976396595199407,3.958618570565577,1.063258811742223,3.8591720117144237,-0.24033273795833937,2.4293953049420067,3.9585570239076446,-0.25728934112964524,-0.3496832464118788,-0.29423755816416164,-0.26040238606199867,-0.27075322872372104,-0.22941573387056183,0.0,0.0,0.0,-0.4352992279217317,-0.7400734920464007,-0.08949305232381184,-0.13164874375170219,-0.4117882500110253,-0.6669374718609833,-0.7225261598111561,-0.7284003912860656,-0.3299846428599375,-0.16012815380508716,-0.4445276036638913,-0.3144854510165755,-0.47643873166512696,0.9137080416200247,-0.14285714285714288,-0.2847473987257497,-0.4445276036638914,-1.200139403050605,-0.7811518560663556,-0.5997201052729793,-0.6394252708446829,0.0,0.0,0.0,0.0,0.0,0.0,-0.29305180342710546,-0.2565561339156427,-0.7261529292224864,-0.28448411999247825,0.010325217446519236,-0.5474374282598455,-0.5023932788459589,1.2746617443844204,-0.08372342095301777,-0.07376490539589507,-0.07956147994724865,-0.12704828537683235,2.564315933067453,-0.11839287202604867,2.5553145919243305,2.5731587185106415,-1.3616197010294544,1.3130248427633517,2.268532547228199,2.8371160011228875,0.5422978942754947,-0.6575548908898429,-0.26056229299420525,-0.45845520236370235
0.9374562297411835,-0.5717936757756602,-0.4087782201290008,-0.32155182297833823,-0.4680081039806013,-0.5009892302387697,-0.2565561339156427,-0.28448411999247825,-0.5100023847738482,-0.4117882500110253,-0.5997201052729793,-0.5470253644136008,-0.6374381250847041,-0.3760039791486757,-0.6394252708446829,-0.6393262976372862,-0.3499453845224995,-0.13338457861586783,-0.1804405918432439,-0.333589612243277,-0.32345727532073565,-0.14490092097855722,-0.2972608967733543,-0.20090716208239723,-0.24033273795833937,-0.2797223842391659,-0.1486598708475823,-0.25728934112964524,-0.3496832464118788,-0.29423755816416164,-0.26040238606199867,-0.27075322872372104,-0.22941573387056183,0.0,0.0,0.0,-0.671233768800719,-0.5516637435620828,-0.08926175731728124,-0.13109512924769517,-0.4117882500110253,-0.6669374718609833,-0.7225261598111561,-0.7284003912860656,-0.3299846428599375,-0.16012815380508716,-0.4445276036638913,-0.3144854510165755,-0.47643873166512696,0.9137080416200247,-0.14285714285714288,-0.2847473987257497,-0.4445276036638914,0.551888922570716,-0.7811518560663556,-0.5997201052729793,-0.6394252708446829,0.0,0.0,0.0,0.0,0.0,0.0,-0.4680081039806013,-0.2565561339156427,-0.5009892302387697,-0.28448411999247825,-0.36809072544012517,1.3163985904173607,-0.5023932788459589,-0.915478709884343,-0.08372342095301777,-0.07376490539589507,-0.07956147994724865,-0.12704828537683235,-0.2620717643129237,-0.11839287202604867,-0.2635246497447018,-0.26009617986738126,-1.3616197010294544,1.3130248427633517,0.3842182889017414,-0.08654022427167929,0.5422978942754947,-0.6575548908898429,-0.26056229299420525,-0.4144223671758968
-1.6035340985834408,1.3431265736234477,-0.4087782201290008,-0.19315326795861198,0.05686079767988617,0.1745018667123804,0.32288511446564144,-0.1359428844629455,1.2482050512586282,-0.4117882500110253,1.3284930693764494,1.5490195500084287,0.188421100082323,-0.3760039791486757,0.043846940481505454,0.41119911900871076,-0.34831549271172657,-0.1337974197888851,-0.12837459293830947,0.1633003025405104,-0.07184055757062077,-0.14853914906258403,-0.2951015745368477,-0.19875920367427724,-0.23236682423784466,-0.27580664908876856,-0.1486578470015762,-0.11107759643747221,0.3584009163121753,0.28449621887251625,0.1017738238283974,0.17500313015731492,-0.22941573387056183,0.0,0.0,0.0,0.6971865682974075,0.541112797646961,-0.08948480582698798,-0.13162806058697413,-0.4117882500110253,0.8437620198537786,0.7082143826827074,1.047300292157371,0.3498149029805678,-0.16012815380508716,-0.4445276036638913,-0.3144854510165755,-0.47643873166512696,0.9137080416200247,-0.14285714285714288,-0.2847473987257497,-0.4445276036638914,0.551888922570716,0.7418404023813517,1.3284930693764494,0.043846940481505454,0.0,0.0,0.0,0.0,0.0,0.0,0.05686079767988617,0.32288511446564144,0.1745018667123804,-0.1359428844629455,-0.36809072544012517,-0.5353682375099885,-0.08890086827315324,-0.915478709884343,-0.08372342095301777,-0.07376490539589507,-0.07956147994724865,-0.12704828537683235,-0.2620717643129237,-0.11839287202604867,-0.2635246497447018,-0.26009617986738126,0.7593476176226064,-0.8010192021524585,-0.3761190434054258,-0.6712714693505926,-1.8465429443522559,1.5718467229476767,1.5841265069647696,-0.531843261010045
-1.6035340985834408,0.9985965760863288,-0.4087782201290008,-0.1383780702382214,0.05686079767988617,0.1745018667123804,0.32288511446564144,-0.15530065185908143,1.2482050512586282,-0.4117882500110253,1.3284930693764494,1.5490195500084287,0.08079582871747104,-0.3760039791486757,-0.045196512590258454,0.27429554077558876,-0.34884250769010966,-0.13380217958913537,-0.10483127100431007,0.37579104692807086,0.03660558316430505,-0.14853926811065457,-0.29473261736603984,-0.19839218820809323,-0.23276392154883288,-0.2757569426685583,-0.14865427550862423,-0.04958380508484881,0.6562072235573482,0.5334629407228415,0.25638804756780603,-0.2631657798870852,-0.22941573387056183,0.0,0.0,0.0,0.6971865682974075,0.541112797646961,-0.08948737743665705,-0.13163420495165445,-0.4117882500110253,0.8437620198537786,0.6547389543209994,1.0251569193565657,0.3329661204314795,-0.16012815380508716,-0.4445276036638913,-0.3144854510165755,-0.47643873166512696,0.9137080416200247,-0.14285714285714288,-0.2847473987257497,-0.4445276036638914,0.551888922570716,0.6849169693806365,1.3284930693764494,-0.045196512590258454,0.0,0.0,0.0,0.0,0.0,0.0,0.05686079767988617,0.32288511446564144,0.1745018667123804,-0.15530065185908143,-0.36809072544012517,-0.5353682375099885,-0.08890086827315324,-0.915478709884343,-0.08372342095301777,-0.07376490539589507,-0.07956147994724865,-0.12704828537683235,-0.2620717643129237,-0.11839287202604867,-0.2635246497447018,-0.26009617986738126,0.7593476176226064,-0.8010192021524585,-0.3761190434054258,-0.6712714693505926,-1.8465429443522559,1.5718467229476767,1.5841265069647696,-0.531843261010045
0.6232191474127086,-0.5551760317275637,-0.4087782201290008,-0.3186192718713278,0.9316423004473653,1.300320361630964,0.05888300557748418,2.70530330151684,-0.1451978472441151,-0.4117882500110253,-0.13319104721163189,-0.1754737251668694,2.5693556747659865,-0.3760039791486757,5.47287271416311,3.411752167979815,-0.03581099240537321,-0.1326856721477548,-0.1833495560290116,-0.3293336658427638,-0.322719322533787,-0.14853950620679565,-0.2931353672282425,-0.19936823026077855,-0.23619790974716,-0.27658554005569574,-0.14865772795181112,-0.2531198807308534,-0.3421111917138141,-0.2883442541561079,-0.2546315011209622,-0.27037761244467967,-0.22941573387056183,0.0,0.0,0.0,1.357803282758572,1.068660093403051,-0.08888415436407361,-0.1301929199129043,-0.4117882500110253,1.6920157451481637,3.452865154794264,2.7740947409585512,2.3148372256145184,-0.16012815380508716,-0.4445276036638913,3.1797973380564857,2.098905763822046,-1.0944415004020078,-0.14285714285714288,-0.2847473987257497,2.2495790852081776,0.551888922570716,3.3891027321130265,-0.13319104721163189,5.47287271416311,0.0,0.0,0.0,0.0,0.0,0.0,0.9316423004473653,0.05888300557748418,1.300320361630964,2.70530330151684,1.1442808941063516,-0.5438508291219164,1.1515763634452638,1.2746617443844204,-0.08372342095301777,-0.07376490539589507,-0.07956147994724865,-0.12704828537683235,-0.2620717643129237,-0.11839287202604867,-0.2635246497447018,-0.26009617986738126,0.7593476176226064,-0.8010192021524585,-0.4257062607298062,0.8490297678545821,0.21654687082625595,0.17254145468795692,1.7180152101875985,0.7744641828948537
0.4366151057412717,-0.5551760317275637,-0.4087782201290008,-0.304591120902756,0.9316423004473653,1.0751566626472473,0.09420723141463198,1.929412379761515,-0.10570869627440173,-0.4117882500110253,-0.08094712518904497,-0.14256673477090812,2.5693556747659865,-0.3760039791486757,4.452406474197817,3.201014559369087,-0.29523222753597755,-0.13357059218407077,-0.18066580318057177,-0.2971455799521537,-0.29764447941414185,-0.1485398633510073,-0.2791667339218207,-0.194157559954164,-0.20473860348655643,-0.2516457167096955,-0.14865629935463034,-0.2534520111425057,-0.34171881120156056,-0.28586608674261654,-0.25231150948212805,-0.27075322872372104,-0.22941573387056183,0.0,0.0,0.0,1.357803282758572,0.8802503449187332,-0.08935453811892076,-0.13135369246625753,-0.4117882500110253,1.6920157451481637,2.6442431564310787,2.3356610595962737,1.6941355076415716,-0.16012815380508716,-0.4445276036638913,-0.3144854510165755,2.098905763822046,-1.0944415004020078,-0.14285714285714288,-0.2847473987257497,-0.4445276036638914,-1.200139403050605,2.5918861426314868,-0.08094712518904497,4.452406474197817,0.0,0.0,0.0,0.0,0.0,0.0,0.9316423004473653,0.09420723141463198,1.0751566626472473,1.929412379761515,1.1442808941063516,-0.5456725937634042,1.1515763634452638,1.2746617443844204,-0.08372342095301777,-0.07376490539589507,-0.07956147994724865,-0.12704828537683235,-0.2620717643129237,-0.11839287202604867,-0.2635246497447018,-0.26009617986738126,0.7593476176226064,-0.8010192021524585,-0.4422353331712664,0.26429852277566873,0.21654687082625595,0.6231651851444768,2.2238169779182853,2.0514164033412152
0.5249066534138787,-0.5551760317275637,-0.4087782201290008,4.349973298831772,2.156336404321836,3.1016299535006975,0.5019851366925838,1.2337179229330384,0.5750090490130383,-0.4117882500110253,0.031331479157742884,0.11542771163338998,2.5034626514813834,-0.3760039791486757,1.0037631572695482,1.9460832122760254,-0.349770652980801,-0.1338116090016392,0.2552595274409808,5.548776144114322,4.321712218297666,-0.1485398633510073,4.355649623989756,0.724777583467377,5.71610715616293,4.343300182057301,-0.14865308501097357,5.014940759623362,4.437700597700525,5.97804856488534,6.383335261377042,-0.27075322872372104,-0.22941573387056183,0.0,0.0,0.0,3.0093450689114833,2.5759380812775943,-0.08949250194320224,-0.13164630554657936,-0.4117882500110253,1.6435441037027703,0.7412433237296445,1.1874801671835522,0.4613828509719679,-0.16012815380508716,-0.4445276036638913,3.1797973380564857,2.098905763822046,-1.0944415004020078,-0.14285714285714288,-0.2847473987257497,2.2495790852081776,0.551888922570716,0.6458415144450804,0.031331479157742884,1.0037631572695482,0.0,0.0,0.0,0.0,0.0,0.0,2.156336404321836,0.5019851366925838,3.1016299535006975,1.2337179229330384,1.1442808941063516,-0.5371330720064299,2.8055460057364865,1.2746617443844204,0.08831339777022251,0.060809520736167993,0.07513909377664402,0.23110822266725792,4.523858060695129,2.3758681214132826,4.546734231602284,4.500161231870405,0.7593476176226064,-0.8010192021524585,-0.3926481158468859,-0.654564862348338,1.116240173686058,-0.01719485287268303,1.732891732767913,0.5983328421436315
-1.4664574500716494,-0.5551760317275637,-0.4087782201290008,0.2063827415163156,2.5062490054288276,6.253921739272731,13.62338572704224,9.547681491334677,10.471742456327394,-0.4117882500110253,9.664377452094401,8.592236654687428,5.776149474616677,-0.3760039791486757,5.196291542980361,4.281584773383137,-0.3355461230873331,-0.13378940438494488,-0.1509151156820061,0.2462339621551425,0.44155804336788673,-0.14853950620679565,-0.15499971114890085,-0.17593436618171374,-0.12240028875253721,-0.17739790976668723,-0.14865808510110634,0.34053242425251307,-0.060166063582241164,0.2836700510953123,0.8650823618844625,-0.27067810546791277,-0.22941573387056183,0.0,0.0,0.0,3.339653426142066,5.251356509754909,-0.0894839208449456,-0.13160948111776957,-0.4117882500110253,8.768875396175606,8.566155746617541,7.054647964215509,12.729943993043976,-0.16012815380508716,2.249579085208177,-0.3144854510165755,-0.47643873166512696,-1.0944415004020078,-0.14285714285714288,-0.2847473987257497,-0.4445276036638914,0.551888922570716,8.187193098332042,9.664377452094401,5.196291542980361,0.0,0.0,0.0,0.0,0.0,0.0,2.5062490054288276,13.62338572704224,6.253921739272731,9.547681491334677,-0.36809072544012517,3.1098120196720527,2.8055460057364865,-0.915478709884343,1.1754371678141695,-0.07376490539589507,0.5918953059578992,8.229198405311598,0.5343453852507675,-0.11839287202604867,0.5307655023137254,0.5382560038209967,1.0347979187462506,0.7477724243366645,-1.351334317451575,-0.9385771813866672,-1.070945269473116,-0.23064819887840296,1.360978668260055,2.741264154616836
-1.5884820598629823,2.0298518583768788,-0.4087782201290008,-0.3227430926588006,-0.29305180342710546,-0.7261529292224864,-0.2565561339156427,-0.28448411999247825,-0.5100023847738482,-0.4117882500110253,-0.5997201052729793,-0.5470253644136008,-0.6374381250847041,-0.3760039791486757,-0.6394252708446829,-0.6393262976372862,-0.3499453845224995,-0.1068954254972701,-0.1840247892054065,-0.333589612243277,-0.3258318602406561,-0.1484818869406503,-0.29724169175601967,-0.20084985024014682,-0.24033273795833937,-0.2796841424909157,-0.14860189361199547,-0.25728934112964524,-0.3496832464118788,-0.29423755816416164,-0.26040238606199867,-0.27075322872372104,-0.22941573387056183,0.0,0.0,0.0,-0.4352992279217317,-0.7400734920464007,-0.06040710225382334,-0.13164874375170219,-0.4117882500110253,-0.6669374718609833,-0.7225261598111561,-0.7284003912860656,-0.3299846428599375,-0.16012815380508716,-0.4445276036638913,-0.3144854510165755,-0.47643873166512696,0.9137080416200247,-0.14285714285714288,-0.2847473987257497,-0.4445276036638914,-1.200139403050605,-0.7811518560663556,-0.5997201052729793,-0.6394252708446829,0.0,0.0,0.0,0.0,0.0,0.0,-0.29305180342710546,-0.2565561339156427,-0.7261529292224864,-0.28448411999247825,-0.320650287722141,-0.5474374282598455,-0.5023932788459589,1.2746617443844204,-0.08372342095301777,-0.07376490539589507,-0.07956147994724865,-0.12704828537683235,-0.2620717643129237,-0.11839287202604867,-0.2635246497447018,-0.26009617986738126,0.7593476176226064,-0.8010192021524585,-0.3761190434054258,-0.754804504361866,0.899072824719899,1.0500718771559168,0.022091636031766747,0.08461643161923306
-1.5885645367874779,1.7693256537550686,-0.4087782201290008,-0.32276233990164316,-0.29305180342710546,-0.7261529292224864,-0.2565561339156427,-0.28448411999247825,-0.5100023847738482,-0.4117882500110253,-0.5997201052729793,-0.5470253644136008,-0.6374381250847041,-0.3760039791486757,-0.6394252708446829,-0.6393262976372862,-0.3499453845224995,12.97526070750879,-0.1840826987771489,-0.333589612243277,-0.3258702262071149,-0.14853974430293676,-0.29726085733800045,-0.2009070443989429,-0.24033273795833937,-0.27972230571401546,-0.14865975179781724,-0.25728934112964524,-0.3496832464118788,-0.29423755816416164,-0.26040238606199867,-0.27075322872372104,-0.22941573387056183,0.0,0.0,0.0,-0.4352992279217317,-0.7400734920464007,14.075563919686678,-0.13164874375170219,-0.4117882500110253,-0.6669374718609833,-0.7225261598111561,-0.7284003912860656,-0.3299846428599375,-0.16012815380508716,-0.4445276036638913,-0.3144854510165755,-0.47643873166512696,0.9137080416200247,-0.14285714285714288,-0.2847473987257497,-0.4445276036638914,-1.200139403050605,-0.7811518560663556,-0.5997201052729793,-0.6394252708446829,0.0,0.0,0.0,0.0,0.0,0.0,-0.29305180342710546,-0.2565561339156427,-0.7261529292224864,-0.28448411999247825,-0.3337564008660199,-0.5474374282598455,-0.5023932788459589,1.2746617443844204,-0.08372342095301777,-0.07376490539589507,-0.07956147994724865,-0.12704828537683235,-0.2620717643129237,-0.11839287202604867,-0.2635246497447018,-0.26009617986738126,-0.12209334597305524,0.8495178596534682,0.10322405739691874,0.6652570908297807,0.5422978942754947,-0.6575548908898429,-0.3349449058957768,0.979950747104613
-1.5885645367874779,1.7362734801938406,-0.4087782201290008,-0.3227603201292461,-0.4680081039806013,-0.5009892302387697,-0.2565561339156427,-0.28448411999247825,-0.5100023847738482,-0.4117882500110253,-0.5997201052729793,-0.5470253644136008,-0.6374381250847041,-0.3760039791486757,-0.6394252708446829,-0.6393262976372862,-0.3499453845224995,0.11828413757085414,-0.18407662184678086,-0.333589612243277,-0.32586620014890627,-0.14853367285133878,-0.2972608967733543,-0.20090716208239723,-0.24033273795833937,-0.2797223842391659,-0.1486598708475823,-0.25728934112964524,-0.3496832464118788,-0.29423755816416164,-0.26040238606199867,-0.27075322872372104,-0.22941573387056183,0.0,0.0,0.0,-0.671233768800719,-0.5516637435620828,0.046709012446303516,0.1937807667094995,-0.4117882500110253,-0.6669374718609833,-0.7225261598111561,-0.7284003912860656,-0.3299846428599375,-0.16012815380508716,-0.4445276036638913,-0.3144854510165755,-0.47643873166512696,0.9137080416200247,7.000000000000001,-0.2847473987257497,-0.4445276036638914,0.551888922570716,-0.7811518560663556,-0.5997201052729793,-0.6394252708446829,0.0,0.0,0.0,0.0,0.0,0.0,-0.4680081039806013,-0.2565561339156427,-0.5009892302387697,-0.28448411999247825,-0.27320985000415676,-0.5327494508378497,-0.5023932788459589,1.2746617443844204,-0.08372342095301777,-0.07376490539589507,-0.07956147994724865,-0.12704828537683235,-0.2620717643129237,-0.11839287202604867,-0.2635246497447018,-0.26009617986738126,-0.08077580080450861,1.346939987868953,-1.037281941063832,3.154541534165726,0.5422978942754947,-0.6575548908898429,-0.29031533815483385,-0.22361341469540597
0.5586809539948525,-0.5717936757756602,-0.4087782201290008,-0.32273172648864457,-0.11809550287360965,0.1745018667123804,-0.15678068900720768,-0.09169655898606341,-0.20725222733937898,-0.4117882500110253,-0.15702160813421565,-0.1302671026219605,0.4344217203448417,-0.3760039791486757,0.24737483321696582,0.7241215835415609,3.0616938413098755,-0.07453468315679589,-0.18406744687348012,-0.3335513101721036,-0.3258489907236223,-0.1485398633510073,-0.29724299312269736,-0.20088044793826818,-0.24029175159200056,-0.27969670651498146,-0.14864475152741902,-0.2572667904456263,-0.3495740364284672,-0.2941845003794417,-0.2603643441867779,-0.27075322872372104,-0.22941573387056183,0.0,0.0,0.0,-0.05780396251535196,0.12661135098146162,-0.062041800788117975,-0.04419481845980304,-0.4117882500110253,0.12153456231741651,0.07428500616011176,0.23277670569965875,-0.13080352101729092,-0.16012815380508716,-0.4445276036638913,-0.3144854510165755,2.098905763822046,-1.0944415004020078,-0.14285714285714288,-0.2847473987257497,-0.4445276036638914,0.551888922570716,0.08049964288324635,-0.15702160813421565,0.24737483321696582,0.0,0.0,0.0,0.0,0.0,0.0,-0.11809550287360965,-0.15678068900720768,0.1745018667123804,-0.09169655898606341,1.1442808941063516,-0.5388979065028713,-0.08890086827315324,1.2746617443844204,-0.08372342095301777,-0.07376490539589507,-0.07956147994724865,-0.12704828537683235,-0.2620717643129237,-0.11839287202604867,-0.2635246497447018,-0.26009617986738126,0.7593476176226064,-0.8010192021524585,-0.4422353331712664,0.26429852277566873,0.4957620337827463,1.9868948957365766,1.2270899650372262,2.9027178836387897
0.648786994006364,-0.5717936757756602,-0.4087782201290008,-0.3226746580175825,-0.4680081039806013,-0.5009892302387697,-0.2565561339156427,-0.28448411999247825,-0.5100023847738482,-0.4117882500110253,-0.5997201052729793,-0.5470253644136008,-0.6374381250847041,-0.3760039791486757,-0.6394252708446829,-0.6393262976372862,-0.3499453845224995,-0.12789512433129036,-0.183818888505878,-0.333589612243277,-0.32569544791546917,-0.14827617187474282,-0.2972608967733543,-0.20090716208239723,-0.24033273795833937,-0.2797223842391659,-0.1486598708475823,-0.25728934112964524,-0.3496832464118788,-0.29423755816416164,-0.26040238606199867,-0.27075322872372104,-0.22941573387056183,0.0,0.0,0.0,-0.671233768800719,-0.5516637435620828,-0.08629593249818761,-0.12400886359640535,-0.4117882500110253,-0.6669374718609833,-0.7225261598111561,-0.7284003912860656,-0.3299846428599375,-0.16012815380508716,-0.4445276036638913,-0.3144854510165755,-0.47643873166512696,0.9137080416200247,-0.14285714285714288,-0.2847473987257497,-0.4445276036638914,0.551888922570716,-0.7811518560663556,-0.5997201052729793,-0.6394252708446829,0.0,0.0,0.0,0.0,0.0,0.0,-0.4680081039806013,-0.2565561339156427,-0.5009892302387697,-0.28448411999247825,-0.36809072544012517,1.3163985904173607,-0.5023932788459589,-0.915478709884343,-0.08372342095301777,-0.07376490539589507,-0.07956147994724865,-0.12704828537683235,-0.2620717643129237,-0.11839287202604867,-0.2635246497447018,-0.26009617986738126,-1.3616197010294544,1.2904147460262843,1.7891894464258546,2.068612079019173,0.5422978942754947,-0.6575548908898429,-0.26056229299420525,-0.4144223671758968
0.42861484406519246,-0.5717936757756602,-0.4087782201290008,-0.32268008368068835,-0.4680081039806013,-0.5009892302387697,-0.2565561339156427,-0.28448411999247825,-0.5100023847738482,-0.4117882500110253,-0.5997201052729793,-0.5470253644136008,-0.6374381250847041,-0.3760039791486757,-0.6394252708446829,-0.6393262976372862,-0.3499453845224995,-0.12750493686623898,-0.18383521280902348,-0.333589612243277,-0.32570626301301003,-0.14829248146040794,-0.2972608967733543,-0.20090716208239723,-0.24033273795833937,-0.2797223842391659,-0.1486598708475823,-0.25728934112964524,-0.3496832464118788,-0.29423755816416164,-0.26040238606199867,-0.27075322872372104,-0.22941573387056183,0.0,0.0,0.0,-0.671233768800719,-0.5516637435620828,-0.08608512326142982,-0.12350517563621495,-0.4117882500110253,-0.6669374718609833,-0.7225261598111561,-0.7284003912860656,-0.3299846428599375,-0.16012815380508716,-0.4445276036638913,-0.3144854510165755,-0.47643873166512696,0.9137080416200247,-0.14285714285714288,-0.2847473987257497,-0.4445276036638914,0.551888922570716,-0.7811518560663556,-0.5997201052729793,-0.6394252708446829,0.0,0.0,0.0,0.0,0.0,0.0,-0.4680081039806013,-0.2565561339156427,-0.5009892302387697,-0.28448411999247825,-0.36809072544012517,1.3163985904173607,-0.5023932788459589,-0.915478709884343,-0.08372342095301777,-0.07376490539589507,-0.07956147994724865,-0.12704828537683235,-0.2620717643129237,-0.11839287202604867,-0.2635246497447018,-0.26009617986738126,-1.3616197010294544,1.3130248427633517,-0.607526057585868,1.0160958378771288,0.5422978942754947,-0.6575548908898429,-0.26056229299420525,-0.4144223671758968
1.0146546310691238,-0.5717936757756602,-0.4087782201290008,-0.3225119673311683,-0.4680081039806013,-0.5009892302387697,-0.2565561339156427,-0.28448411999247825,-0.5100023847738482,-0.4117882500110253,-0.5997201052729793,-0.5470253644136008,-0.6374381250847041,-0.3760039791486757,-0.6394252708446829,-0.6393262976372862,-0.3499453845224995,-0.13174020576976908,-0.1833293977225082,-0.333589612243277,-0.32537115287387897,-0.14778712240093037,-0.2972608967733543,-0.20090716208239723,-0.24033273795833937,-0.2797223842391659,-0.1486598708475823,-0.25728934112964524,-0.3496832464118788,-0.29423755816416164,-0.26040238606199867,-0.27075322872372104,-0.22941573387056183,0.0,0.0,0.0,-0.671233768800719,-0.5516637435620828,-0.08837334081065235,-0.12897242957425756,-0.4117882500110253,-0.6669374718609833,-0.7225261598111561,-0.7284003912860656,-0.3299846428599375,-0.16012815380508716,-0.4445276036638913,-0.3144854510165755,-0.47643873166512696,0.9137080416200247,-0.14285714285714288,-0.2847473987257497,-0.4445276036638914,0.551888922570716,-0.7811518560663556,-0.5997201052729793,-0.6394252708446829,0.0,0.0,0.0,0.0,0.0,0.0,-0.4680081039806013,-0.2565561339156427,-0.5009892302387697,-0.28448411999247825,-0.36809072544012517,1.3163985904173607,-0.5023932788459589,-0.915478709884343,-0.08372342095301777,-0.07376490539589507,-0.07956147994724865,-0.12704828537683235,-0.2620717643129237,-0.11839287202604867,-0.2635246497447018,-0.26009617986738126,-1.3616197010294544,1.3130248427633517,0.3842182889017414,-0.08654022427167929,0.5422978942754947,-0.6575548908898429,-0.26056229299420525,-0.4144223671758968
-1.6035340985834408,1.225567042175757,-0.4087782201290008,-0.12686101120314006,0.05686079767988617,0.6248292646798138,0.32288511446564144,0.1718061114878683,1.2482050512586282,-0.4117882500110253,1.3284930693764494,1.5490195500084287,0.20818900706770396,-0.3760039791486757,0.7598289917116071,0.5390122138141357,-0.3482262873092376,-0.13380019159317738,-0.11859254696588736,0.2562864536748165,0.01987312736455459,-0.14853914906258403,-0.27490582280687315,-0.17866973578324002,-0.15624954128132126,-0.2386529453226834,-0.14865725175275088,-0.0379255936246723,0.2877265422932193,0.30336583527557465,0.23253219020672244,-0.23376754578078018,-0.22941573387056183,0.0,0.0,0.0,0.6971865682974075,1.1440239927967781,-0.08948773517109747,-0.13162821765767121,-0.4117882500110253,0.8437620198537786,1.1436571564851876,0.9508018892775767,0.2779366809361584,-0.16012815380508716,-0.4445276036638913,-0.3144854510165755,-0.47643873166512696,0.9137080416200247,-0.14285714285714288,-0.2847473987257497,-0.4445276036638914,0.551888922570716,1.161215082243764,1.3284930693764494,0.7598289917116071,0.0,0.0,0.0,0.0,0.0,0.0,0.05686079767988617,0.32288511446564144,0.6248292646798138,0.1718061114878683,-0.36809072544012517,-0.5353682375099885,-0.08890086827315324,-0.915478709884343,-0.08372342095301777,-0.07376490539589507,-0.07956147994724865,-0.12704828537683235,-0.2620717643129237,-0.11839287202604867,-0.2635246497447018,-0.26009617986738126,0.7593476176226064,-0.8010192021524585,-0.3761190434054258,-0.6712714693505926,-1.8465429443522559,1.5718467229476767,1.5841265069647696,-0.531843261010045
-1.6035340985834408,1.1057185790410005,-0.4087782201290008,-0.1437239325326764,-0.11809550287360965,0.6248292646798138,0.32288511446564144,-0.14147367514755577,1.2482050512586282,-0.4117882500110253,1.9712307942595926,1.8732788267366087,0.15767102254950816,-0.3760039791486757,-0.20087112102184562,0.18648659793352643,-0.3487780769747251,-0.13380039343444552,-0.11674823997262736,0.30543454184460817,0.023451108977269798,-0.14853914906258403,-0.2937734706892133,-0.19570355278304144,-0.23147066582856027,-0.27455236686125284,-0.1459699414059303,-0.05501386661766897,0.23807279320437263,0.3237116720888156,0.2376334030839611,-0.26444287523582594,-0.22941573387056183,0.0,0.0,0.0,0.31969130289102776,1.1440239927967781,-0.08948876240623028,-0.13162628438627225,-0.4117882500110253,0.8437620198537786,0.5513895039974532,0.9583026043696045,0.28337977582935026,-0.16012815380508716,-0.4445276036638913,-0.3144854510165755,-0.47643873166512696,0.9137080416200247,-0.14285714285714288,-0.2847473987257497,-0.4445276036638914,2.303917248192037,0.5581622954425359,1.9712307942595926,-0.20087112102184562,0.0,0.0,0.0,0.0,0.0,0.0,-0.11809550287360965,0.32288511446564144,0.6248292646798138,-0.14147367514755577,-0.36809072544012517,-0.5345712154793376,-0.08890086827315324,-0.915478709884343,-0.08372342095301777,-0.07376490539589507,-0.07956147994724865,-0.12704828537683235,-0.2620717643129237,-0.11839287202604867,-0.2635246497447018,-0.26009617986738126,0.7593476176226064,-0.8010192021524585,-0.3761190434054258,-0.6712714693505926,-1.8465429443522559,1.5718467229476767,1.5841265069647696,-0.531843261010045
0.49414276057699646,-0.5717936757756602,-0.4087782201290008,3.384900107302172,-0.29305180342710546,-0.7261529292224864,-0.2565561339156427,-0.28448411999247825,-0.5100023847738482,-0.4117882500110253,-0.5997201052729793,-0.5470253644136008,-0.6374381250847041,-0.3760039791486757,-0.6394252708446829,-0.6393262976372862,-0.3499453845224995,-0.13381330220733392,10.968871739860539,-0.333589612243277,7.063130642475303,10.994359539970507,3.3938882254602123,10.814264161609847,-0.24033273795833937,7.070231694234972,10.994398139270947,-0.25728934112964524,-0.3496832464118788,-0.29423755816416164,-0.26040238606199867,-0.27075322872372104,-0.22941573387056183,0.0,0.0,0.0,-0.4352992279217317,-0.7400734920464007,-0.08949331107727625,-0.13164874375170219,-0.4117882500110253,-0.6669374718609833,-0.7225261598111561,-0.7284003912860656,-0.3299846428599375,-0.16012815380508716,-0.4445276036638913,-0.3144854510165755,-0.47643873166512696,0.9137080416200247,-0.14285714285714288,-0.2847473987257497,-0.4445276036638914,-1.200139403050605,-0.7811518560663556,-0.5997201052729793,-0.6394252708446829,0.0,0.0,0.0,0.0,0.0,0.0,-0.29305180342710546,-0.2565561339156427,-0.7261529292224864,-0.28448411999247825,0.010325217446519236,-0.5474374282598455,-0.5023932788459589,1.2746617443844204,-0.08372342095301777,-0.07376490539589507,-0.07956147994724865,-0.12704828537683235,7.4060409451016636,-0.11839287202604867,7.384108771131283,7.426647544427776,-0.8933541891192591,-0.9932050244175322,0.7313288101724047,1.1664553008974208,0.5422978942754947,-0.6575548908898429,-0.26056229299420525,-0.45845520236370235
0.4808639757331948,-0.5717936757756602,-0.4087782201290008,-0.32273299379681525,-0.11809550287360965,0.1745018667123804,-0.15678068900720768,-0.09169655898606341,-0.20725222733937898,-0.4117882500110253,-0.15702160813421565,-0.1302671026219605,0.4344217203448417,-0.3760039791486757,0.24737483321696582,0.7241215835415609,3.20882653029456,-0.07197818680854556,-0.18406808236946628,-0.3335522725698509,-0.3258531746664665,-0.1485398633510073,-0.29724457053685216,-0.20088280160735444,-0.2403212617757645,-0.2797039308288193,-0.1486385609396356,-0.25726585083379216,-0.3495694860124917,-0.2941799436253605,-0.2603611927888306,-0.27075322872372104,-0.22941573387056183,0.0,0.0,0.0,-0.05780396251535196,0.12661135098146162,-0.06085790163585255,-0.04042322060354862,-0.4117882500110253,0.12153456231741651,0.07428500616011176,0.23277670569965875,-0.13080352101729092,-0.16012815380508716,-0.4445276036638913,3.1797973380564857,2.098905763822046,-1.0944415004020078,-0.14285714285714288,-0.2847473987257497,2.2495790852081776,0.551888922570716,0.08049964288324635,-0.15702160813421565,0.24737483321696582,0.0,0.0,0.0,0.0,0.0,0.0,-0.11809550287360965,-0.15678068900720768,0.1745018667123804,-0.09169655898606341,1.1442808941063516,-0.5388979065028713,-0.08890086827315324,1.2746617443844204,-0.08372342095301777,-0.07376490539589507,-0.07956147994724865,-0.12704828537683235,-0.2620717643129237,-0.11839287202604867,-0.2635246497447018,-0.26009617986738126,0.7593476176226064,-0.8010192021524585,-0.4422353331712664,0.648550483827526,0.4957620337827463,1.9868948957365766,1.2270899650372262,2.9027178836387897
-1.5885645367874779,1.8539245689090142,-0.4087782201290008,-0.32276166664417744,-0.4680081039806013,-0.5009892302387697,-0.2565561339156427,-0.28448411999247825,-0.5100023847738482,-0.4117882500110253,-0.5997201052729793,-0.5470253644136008,-0.6374381250847041,-0.3760039791486757,-0.6394252708446829,-0.6393262976372862,-0.3499453845224995,0.5944684549759629,-0.18408067313369286,-0.333589612243277,-0.32586888418771204,-0.14853772048573743,-0.2972608967733543,-0.20090716208239723,-0.24033273795833937,-0.2797223842391659,-0.1486598708475823,-0.25728934112964524,-0.3496832464118788,-0.29423755816416164,-0.26040238606199867,-0.27075322872372104,-0.22941573387056183,0.0,0.0,0.0,-0.671233768800719,-0.5516637435620828,0.30398035378728133,0.8084809531362139,-0.4117882500110253,-0.6669374718609833,-0.7225261598111561,-0.7284003912860656,-0.3299846428599375,-0.16012815380508716,-0.4445276036638913,-0.3144854510165755,-0.47643873166512696,0.9137080416200247,7.000000000000001,-0.2847473987257497,-0.4445276036638914,0.551888922570716,-0.7811518560663556,-0.5997201052729793,-0.6394252708446829,0.0,0.0,0.0,0.0,0.0,0.0,-0.4680081039806013,-0.2565561339156427,-0.5009892302387697,-0.28448411999247825,-0.36218374486823607,-0.5328633111279428,-0.5023932788459589,1.2746617443844204,-0.08372342095301777,-0.07376490539589507,-0.07956147994724865,-0.12704828537683235,-0.2620717643129237,-0.11839287202604867,-0.2635246497447018,-0.26009617986738126,-0.17718340619778408,-0.9253747342063298,0.4172764337846617,-0.905163967382158,0.5422978942754947,-0.6575548908898429,-0.3349449058957768,0.7451089594363167
0.44741958285020356,-0.5551760317275637,-0.4087782201290008,4.299971773766764,2.5062490054288276,2.876466254516981,0.5682955255447736,0.7169840503994511,0.46218290338528584,-0.4117882500110253,0.010250598341611265,0.054394569855279164,1.6468533487815413,-0.3760039791486757,0.5122336757722633,0.9057769991150262,-0.3498106265243714,-0.13381153301930504,0.23738731675249494,5.421425637425973,4.2550300371496546,-0.14853974430293676,4.30586024191369,0.6071333740481685,5.339897890201272,4.28073181336068,-0.14865582315557008,4.958440244530953,4.702134614640244,6.123599590635516,6.28156761766512,-0.27072818763845163,-0.22941573387056183,0.0,0.0,0.0,3.4812141506694583,2.387528332793276,-0.0894923702013579,-0.1316464241490467,-0.4117882500110253,1.0134127649126556,0.36238582527180135,0.4432309399144224,-0.03403126569528016,-0.16012815380508716,-0.4445276036638913,-0.3144854510165755,2.098905763822046,-1.0944415004020078,-0.14285714285714288,-0.2847473987257497,-0.4445276036638914,-1.200139403050605,0.27558760122423276,0.010250598341611265,0.5122336757722635,0.0,0.0,0.0,0.0,0.0,0.0,2.5062490054288276,0.5682955255447736,2.876466254516981,0.7169840503994511,1.1442808941063516,-0.536905351426244,3.2190384163092918,1.2746617443844204,0.015608331179779328,-0.022090773665842077,-0.002416334942427933,0.23128729862543435,4.489349710206438,0.050364021827332704,4.4777180167257145,4.500346009363777,0.7593476176226064,-0.8010192021524585,-0.4257062607298062,0.8156165538500727,1.2248238481691378,-0.3373748718812629,1.8519039134104274,1.6697984983802336
0.4775236602911204,-0.5730296988866757,2.3668763609938437,-0.32271533068918606,-0.4680081039806013,-0.5009892302387697,-0.2404433291478209,-0.24181802042548478,-0.4611110550018221,1.4152585930413053,-0.3852450569697273,-0.5470253644136008,-0.40022324126013253,1.9339180770547932,0.14561088684923565,-0.6393262976372862,0.1089859601860532,-0.12277886803173207,-0.18394126120172047,-0.333589612243277,-0.32577652167586674,-0.14839843424319593,-0.2972608967733543,-0.20090716208239723,-0.24033273795833937,-0.2797223842391659,-0.1486598708475823,-0.25728934112964524,-0.3496832464118788,-0.29423755816416164,-0.26040238606199867,-0.27075322872372104,-0.22941573387056183,0.0,0.0,0.0,-0.8127944933281115,-0.6647095926526736,-0.0835317378938706,-0.11740435440491559,1.4152585930413053,-0.49243956265756694,-0.19868522892095433,-0.4665592480297468,-0.3152031899735379,-0.16012815380508716,-0.4445276036638913,-0.3144854510165755,-0.47643873166512696,-1.0944415004020078,-0.14285714285714288,-0.2847473987257497,-0.4445276036638914,0.551888922570716,-0.03766211891415675,-0.3852450569697273,0.14561088684923565,0.0,0.0,0.0,0.0,0.0,0.0,-0.4680081039806013,-0.2404433291478209,-0.5009892302387697,-0.24181802042548478,-0.36809072544012517,-0.5474374282598455,-0.5023932788459589,-0.03942252817683768,-0.08372342095301777,-0.07376490539589507,-0.07956147994724865,-0.12704828537683235,-0.2620717643129237,-0.11839287202604867,-0.2635246497447018,-0.26009617986738126,0.7593476176226064,-0.8010192021524585,-0.4422353331712664,0.69867030483429,0.5422978942754947,-0.6575548908898429,-1.2870423510358928,-0.7960402721368784
0.44164619813550715,-0.5551760317275637,-0.4087782201290008,-0.3196913749803636,-0.29305180342710546,-0.5009892302387697,-0.21131633591368149,-0.23510206030845804,-0.37273057426008266,-0.4117882500110253,-0.2986301336164909,-0.3155915402336313,-0.36288386139885737,2.297516919234969,0.269181393152908,-0.6393262976372862,-0.33955632215215875,-0.13355986218407614,-0.1794629209869758,-0.32967070247472036,-0.32227558776534043,-0.1447293727088971,-0.2942029216928578,-0.19178151630115373,-0.24033273795833937,-0.27363322997569156,-0.13942827586535333,-0.25728934112964524,-0.3496832464118788,-0.29423755816416164,-0.26040238606199867,-0.27075322872372104,4.358898943540674,0.0,0.0,0.0,-0.4352992279217317,-0.5516637435620828,-0.08931079115742495,-0.13143051494555366,-0.4117882500110253,-0.464972299171844,-0.05708447728969664,-0.4441755633769703,-0.31256796292898537,-0.16012815380508716,2.249579085208177,-0.3144854510165755,-0.47643873166512696,0.9137080416200247,-0.14285714285714288,-0.2847473987257497,-0.4445276036638914,-1.200139403050605,0.05837197213466875,-0.2986301336164909,0.269181393152908,0.0,0.0,0.0,0.0,0.0,0.0,-0.29305180342710546,-0.21131633591368149,-0.5009892302387697,-0.23510206030845804,-0.32028110143639793,-0.12256775577785188,-0.5023932788459589,1.2746617443844204,-0.08372342095301777,-0.07376490539589507,-0.07956147994724865,-0.12704828537683235,-0.2620717643129237,-0.11839287202604867,-0.2635246497447018,-0.26009617986738126,0.7593476176226064,-0.8010192021524585,-0.4257062607298062,-0.504205399328046,-1.319136525434441,0.9314866849305167,2.149434365016714,1.9927059564241412
0.3980159050773016,-0.5717936757756602,-0.4087782201290008,-0.3226654304299646,-0.4680081039806013,-0.5009892302387697,-0.2565561339156427,-0.28448411999247825,-0.5100023847738482,-0.4117882500110253,-0.5997201052729793,-0.5470253644136008,-0.6374381250847041,-0.3760039791486757,-0.6394252708446829,-0.6393262976372862,-0.3499453845224995,-0.128458428281793,-0.18379112527498093,-0.333589612243277,-0.32567705435541794,-0.14824843367430504,-0.2972608967733543,-0.20090716208239723,-0.24033273795833937,-0.2797223842391659,-0.1486598708475823,-0.25728934112964524,-0.3496832464118788,-0.29423755816416164,-0.26040238606199867,-0.27075322872372104,-0.22941573387056183,0.0,0.0,0.0,-0.5296730442733266,-0.4386178944714921,-0.08660027255650414,-0.12473602539223222,-0.4117882500110253,-0.6669374718609833,-0.7225261598111561,-0.7284003912860656,-0.3299846428599375,-0.16012815380508716,-0.4445276036638913,-0.3144854510165755,-0.47643873166512696,0.9137080416200247,-0.14285714285714288,-0.2847473987257497,-0.4445276036638914,0.551888922570716,-0.7811518560663556,-0.5997201052729793,-0.6394252708446829,0.0,0.0,0.0,0.0,0.0,0.0,-0.4680081039806013,-0.2565561339156427,-0.5009892302387697,-0.28448411999247825,-0.36809072544012517,-0.5345712154793376,-0.5023932788459589,-0.915478709884343,-0.08372342095301777,-0.07376490539589507,-0.07956147994724865,-0.12704828537683235,-0.2620717643129237,-0.11839287202604867,-0.2635246497447018,-0.26009617986738126,-1.3616197010294544,1.3243298911318855,1.6734859393356336,-0.754804504361866,0.5422978942754947,-0.6575548908898429,-0.26056229299420525,-0.45845520236370235
0.5077514531187808,-0.5717936757756602,-0.4087782201290008,-0.32272859782159813,-0.11809550287360965,0.1745018667123804,-0.15678068900720768,-0.09169655898606341,-0.20725222733937898,-0.4117882500110253,-0.15702160813421565,-0.1302671026219605,0.4344217203448417,-0.3760039791486757,0.24737483321696582,0.7241215835415609,2.745727254157756,-0.08002474407933904,-0.18406587799276417,-0.33354872491899984,-0.32584891178130443,-0.1485398633510073,-0.2972417311913735,-0.20087856500299917,-0.24029994886526831,-0.2796970206155831,-0.14864046573587666,-0.25726330045881385,-0.3495571348834154,-0.29417844829862944,-0.26036006728956373,-0.27075322872372104,-0.22941573387056183,0.0,0.0,0.0,-0.05780396251535196,0.12661135098146162,-0.06458421727798813,-0.05229430274826731,-0.4117882500110253,0.12153456231741651,0.07428500616011176,0.23277670569965875,-0.13080352101729092,-0.16012815380508716,-0.4445276036638913,-0.3144854510165755,2.098905763822046,-1.0944415004020078,-0.14285714285714288,-0.2847473987257497,-0.4445276036638914,0.551888922570716,0.08049964288324635,-0.15702160813421565,0.24737483321696582,0.0,0.0,0.0,0.0,0.0,0.0,-0.11809550287360965,-0.15678068900720768,0.1745018667123804,-0.09169655898606341,1.1442808941063516,-0.5388979065028713,-0.08890086827315324,1.2746617443844204,-0.08372342095301777,-0.07376490539589507,-0.07956147994724865,-0.12704828537683235,-0.2620717643129237,-0.11839287202604867,-0.2635246497447018,-0.26009617986738126,0.7593476176226064,-0.8010192021524585,-0.4587644056127265,-0.5710318273370646,0.4957620337827463,1.9868948957365766,1.2270899650372262,2.9027178836387897
0.4063460744513635,-0.5717936757756602,-0.4087782201290008,-0.320875793276028,-0.29305180342710546,-0.5009892302387697,-0.2565561339156427,-0.28448411999247825,-0.5100023847738482,-0.4117882500110253,-0.5997201052729793,-0.5470253644136008,-0.6374381250847041,-0.3760039791486757,-0.6394252708446829,-0.6393262976372862,-0.3499453845224995,-0.13340066201427567,-0.18124471271753095,-0.3212677001346463,-0.32231111180835786,-0.14823617172303857,-0.2971602971856319,-0.2006069515904449,-0.24033273795833937,-0.2795220665804673,-0.14835617489690056,-0.25728934112964524,-0.3496832464118788,-0.29423755816416164,-0.26040238606199867,-0.27075322872372104,-0.22941573387056183,0.0,0.0,0.0,-0.1521777788669469,-0.4386178944714921,-0.08919610827874616,-0.13129350864991193,-0.4117882500110253,-0.6669374718609833,-0.7225261598111561,-0.7284003912860656,-0.3299846428599375,-0.16012815380508716,-0.4445276036638913,-0.3144854510165755,-0.47643873166512696,0.9137080416200247,-0.14285714285714288,-0.2847473987257497,-0.4445276036638914,-1.200139403050605,-0.7811518560663556,-0.5997201052729793,-0.6394252708446829,0.0,0.0,0.0,0.0,0.0,0.0,-0.29305180342710546,-0.2565561339156427,-0.5009892302387697,-0.28448411999247825,-0.36809072544012517,-0.5345712154793376,-0.5023932788459589,-0.915478709884343,-0.08372342095301777,-0.07376490539589507,-0.07956147994724865,-0.12704828537683235,-0.2620717643129237,-0.11839287202604867,-0.2635246497447018,-0.26009617986738126,-1.3616197010294544,1.3243298911318855,1.6734859393356336,-0.754804504361866,0.5422978942754947,-0.6575548908898429,-0.26056229299420525,-0.45845520236370235
0.010209406098695594,-0.5717936757756602,-0.4087782201290008,-0.3209270400501809,-0.4680081039806013,-0.5009892302387697,-0.2565561339156427,-0.28448411999247825,-0.5100023847738482,-0.4117882500110253,-0.5997201052729793,-0.5470253644136008,-0.6374381250847041,-0.3760039791486757,-0.6394252708446829,-0.6393262976372862,-0.3499453845224995,-0.13353057159011944,-0.17856079471606714,-0.333589612243277,-0.3222118813148625,-0.14302281861758712,-0.2972608967733543,-0.20090716208239723,-0.24033273795833937,-0.2797223842391659,-0.1486598708475823,-0.25728934112964524,-0.3496832464118788,-0.29423755816416164,-0.26040238606199867,-0.27075322872372104,-0.22941573387056183,0.0,0.0,0.0,-0.5296730442733266,-0.4386178944714921,-0.08934063393488331,-0.1312835896929666,-0.4117882500110253,-0.6669374718609833,-0.7225261598111561,-0.7284003912860656,-0.3299846428599375,-0.16012815380508716,-0.4445276036638913,-0.3144854510165755,-0.47643873166512696,0.9137080416200247,-0.14285714285714288,-0.2847473987257497,-0.4445276036638914,0.551888922570716,-0.7811518560663556,-0.5997201052729793,-0.6394252708446829,0.0,0.0,0.0,0.0,0.0,0.0,-0.4680081039806013,-0.2565561339156427,-0.5009892302387697,-0.28448411999247825,-0.36809072544012517,-0.5345712154793376,-0.5023932788459589,-0.915478709884343,-0.08372342095301777,-0.07376490539589507,-0.07956147994724865,-0.12704828537683235,-0.2620717643129237,-0.11839287202604867,-0.2635246497447018,-0.26009617986738126,-1.3616197010294544,1.3243298911318855,1.6734859393356336,-0.754804504361866,0.5422978942754947,-0.6575548908898429,-0.26056229299420525,-0.45845520236370235
-1.6035340985834408,2.0954526405281797,-0.4087782201290008,-0.14560342975659196,0.05686079767988617,0.1745018667123804,0.32288511446564144,-0.13554782798547335,1.2482050512586282,-0.4117882500110253,1.3284930693764494,1.5490195500084287,0.19061753419180977,-0.3760039791486757,0.04566415380950064,0.4139930695848969,-0.3487520495797522,-0.13380172024659093,-0.10793685477779522,0.33296903661512683,0.015785257321062583,-0.14853914906258403,-0.29152672027317683,-0.19520316273530278,-0.22750573228530793,-0.27290600855773484,-0.14865594220533515,-0.059759622274723215,0.6069270852887362,0.4824492961897797,0.22670401735300147,-0.26198884887942225,-0.22941573387056183,0.0,0.0,0.0,0.6971865682974075,0.541112797646961,-0.089487129264535,-0.13163361199229529,-0.4117882500110253,0.8437620198537786,0.709305717955395,1.047797162194506,0.35019539422641655,-0.16012815380508716,-0.4445276036638913,-0.3144854510165755,-0.47643873166512696,0.9137080416200247,-0.14285714285714288,-0.2847473987257497,-0.4445276036638914,0.551888922570716,0.743002105095652,1.3284930693764494,0.04566415380950064,0.0,0.0,0.0,0.0,0.0,0.0,0.05686079767988617,0.32288511446564144,0.1745018667123804,-0.13554782798547335,-0.36809072544012517,-0.5353682375099885,-0.08890086827315324,-0.915478709884343,-0.08372342095301777,-0.07376490539589507,-0.07956147994724865,-0.12704828537683235,-0.2620717643129237,-0.11839287202604867,-0.2635246497447018,-0.26009617986738126,0.7593476176226064,-0.8010192021524585,-0.3761190434054258,-0.6712714693505926,-1.8465429443522559,1.5718467229476767,1.5841265069647696,-0.531843261010045
-1.5885645367874779,1.8221999757262846,-0.4087782201290008,-0.3227541420019139,-0.29305180342710546,-0.7261529292224864,-0.2565561339156427,-0.28448411999247825,-0.5100023847738482,-0.4117882500110253,-0.5997201052729793,-0.5470253644136008,-0.6374381250847041,-0.3760039791486757,-0.6394252708446829,-0.6393262976372862,-0.3499453845224995,-0.07078904728117431,-0.18405803358918454,-0.333589612243277,-0.3258538851473269,-0.14851510135233326,-0.29725269421974937,-0.20088268392390013,-0.24033273795833937,-0.2797060510078804,-0.1486351084964487,-0.25728934112964524,-0.3496832464118788,-0.29423755816416164,-0.26040238606199867,-0.27075322872372104,-0.22941573387056183,0.0,0.0,0.0,-0.4352992279217317,-0.7400734920464007,-0.021392224967484705,-0.13164874375170219,-0.4117882500110253,-0.6669374718609833,-0.7225261598111561,-0.7284003912860656,-0.3299846428599375,-0.16012815380508716,-0.4445276036638913,-0.3144854510165755,-0.47643873166512696,0.9137080416200247,-0.14285714285714288,-0.2847473987257497,-0.4445276036638914,-1.200139403050605,-0.7811518560663556,-0.5997201052729793,-0.6394252708446829,0.0,0.0,0.0,0.0,0.0,0.0,-0.29305180342710546,-0.2565561339156427,-0.7261529292224864,-0.28448411999247825,-0.34520117572405495,-0.5474374282598455,-0.5023932788459589,1.2746617443844204,-0.08372342095301777,-0.07376490539589507,-0.07956147994724865,-0.12704828537683235,-0.2620717643129237,-0.11839287202604867,-0.2635246497447018,-0.26009617986738126,-0.8933541891192591,-0.20185163862017005,-0.4422353331712664,1.2666949429109486,0.5422978942754947,-0.6575548908898429,-0.30519186073514815,0.8478522415411963
0.7117168873965547,-0.4203121767256566,-0.4087782201290008,-0.16847168886991368,1.106598601000861,1.0751566626472473,0.3929138428796362,0.7339714789307541,0.5825307920548884,-0.4117882500110253,0.26477932019551326,0.26715219342624236,1.8862646667155996,-0.3760039791486757,1.7029627089411066,2.227184908871936,-0.3461585206270377,-0.13378315866240606,-0.15677590352663648,-0.21002272156734167,-0.24938419860947184,-0.14853212522642167,-0.14362481993721773,-0.14996464912601232,-0.12830494264635442,-0.18809437018022904,-0.14865213261285307,-0.08983104890085182,-0.002121081219786456,-0.1711851296458466,-0.14381776960136172,3.5836206981167273,-0.22941573387056183,0.0,0.0,0.0,1.7352985481649519,0.8802503449187332,-0.08947528292557624,-0.13161399471281543,-0.4117882500110253,1.189526395497585,1.151928329078191,1.285864165243635,0.544746055332499,-0.16012815380508716,-0.4445276036638913,-0.3144854510165755,2.098905763822046,-1.0944415004020078,-0.14285714285714288,-0.2847473987257497,-0.4445276036638914,-1.200139403050605,1.0909966070682788,0.26477932019551326,1.7029627089411066,0.0,0.0,0.0,0.0,0.0,0.0,1.106598601000861,0.3929138428796362,1.0751566626472473,0.7339714789307541,1.1442808941063516,3.036485992852167,1.5650687740180693,1.2746617443844204,-0.08372342095301777,-0.07376490539589507,-0.07956147994724865,-0.12704828537683235,-0.2620717643129237,-0.11839287202604867,-0.2635246497447018,-0.26009617986738126,0.8419827079596996,0.3860108765435847,-1.4835668969832563,3.1378349271634716,0.5422978942754947,-0.6575548908898429,-0.3200683833154625,0.39284627793387206
-0.14682665814104617,-0.5717936757756602,-0.4087782201290008,-0.3221077752314742,-0.4680081039806013,-0.5009892302387697,-0.2565561339156427,-0.28448411999247825,-0.5100023847738482,-0.4117882500110253,-0.5997201052729793,-0.5470253644136008,-0.6374381250847041,-0.3760039791486757,-0.6394252708446829,-0.6393262976372862,-0.3499453845224995,-0.13302034681472052,-0.18211329671591805,-0.333589612243277,-0.3245654675782437,-0.14657211779291435,-0.2972608967733543,-0.20090716208239723,-0.24033273795833937,-0.2797223842391659,-0.1486598708475823,-0.25728934112964524,-0.3496832464118788,-0.29423755816416164,-0.26040238606199867,-0.27075322872372104,-0.22941573387056183,0.0,0.0,0.0,-0.5296730442733266,-0.4386178944714921,-0.08906497132367514,-0.1306249471188761,-0.4117882500110253,-0.6669374718609833,-0.7225261598111561,-0.7284003912860656,-0.3299846428599375,-0.16012815380508716,-0.4445276036638913,-0.3144854510165755,-0.47643873166512696,0.9137080416200247,-0.14285714285714288,-0.2847473987257497,-0.4445276036638914,0.551888922570716,-0.7811518560663556,-0.5997201052729793,-0.6394252708446829,0.0,0.0,0.0,0.0,0.0,0.0,-0.4680081039806013,-0.2565561339156427,-0.5009892302387697,-0.28448411999247825,-0.36809072544012517,-0.5345712154793376,-0.5023932788459589,-0.915478709884343,-0.08372342095301777,-0.07376490539589507,-0.07956147994724865,-0.12704828537683235,-0.2620717643129237,-0.11839287202604867,-0.2635246497447018,-0.26009617986738126,-1.3616197010294544,1.3243298911318855,1.6734859393356336,-0.754804504361866,0.5422978942754947,-0.6575548908898429,-0.26056229299420525,-0.45845520236370235
0.46469849853204487,-0.5551760317275637,-0.4087782201290008,-0.32272634042891907,-0.11809550287360965,-0.7261529292224864,-0.20883744287247813,-0.28448411999247825,-0.42350233979257124,-0.4117882500110253,-0.38799473707617926,-0.4418456763156062,-0.6374381250847041,-0.3760039791486757,-0.6394252708446829,-0.6393262976372862,-0.005667840742283309,-0.11220507824876148,-0.1840286021813237,-0.3333341067423997,-0.32579957283266914,-0.14853819667801962,-0.2972250106013326,-0.20085361611068484,-0.24015198808278518,-0.27965202570439757,-0.1486582041508714,-0.25728934112964524,-0.3496832464118788,-0.29423755816416164,-0.26040238606199867,-0.27075322872372104,4.358898943540674,0.0,0.0,0.0,-0.19936468704274438,-0.7400734920464007,-0.06614446669654553,-0.13164874375170219,-0.4117882500110253,-0.5926142883113801,-0.4204991230947741,-0.6084645279640933,-0.3268833735768489,-0.16012815380508716,2.249579085208177,-0.3144854510165755,-0.47643873166512696,0.9137080416200247,-0.14285714285714288,-0.2847473987257497,-0.4445276036638914,-1.200139403050605,-0.40011336577585366,-0.38799473707617915,-0.6394252708446829,0.0,0.0,0.0,0.0,0.0,0.0,-0.11809550287360965,-0.20883744287247813,-0.7261529292224864,-0.28448411999247825,-0.32120406715075556,-0.5474374282598455,-0.08890086827315324,1.2746617443844204,-0.08372342095301777,-0.07376490539589507,-0.07956147994724865,-0.12704828537683235,-0.2620717643129237,-0.11839287202604867,-0.2635246497447018,-0.26009617986738126,0.7593476176226064,-0.8010192021524585,-0.4257062607298062,0.8490297678545821,1.116240173686058,-0.01719485287268303,1.7180152101875985,0.5983328421436315
0.8764233056143931,-0.4203121767256566,-0.4087782201290008,-0.2098592014885023,1.106598601000861,0.8499929636635305,0.4548861689097201,0.34010017089100913,0.7630526250592925,-0.4117882500110253,0.3472697233890717,0.3949281025127592,1.9389790853432822,-0.3760039791486757,1.0022971700469645,1.7640221896335169,-0.34605055019919756,-0.13377435660913103,-0.16285193716193247,-0.174420051738802,-0.2197522523092334,-0.14853653000503195,-0.18483673649907872,-0.1636296595626512,-0.09524460933279054,-0.17416510784941477,-0.14865653745416046,-0.13026630457052088,-0.04210535423230033,-0.11419178211633894,-0.10147918837931315,0.09925384721730403,-0.22941573387056183,0.0,0.0,0.0,1.5937378236375594,0.6918405964344153,-0.0894686187867516,-0.1316071924717465,-0.4117882500110253,1.2283037086539,0.7666008197715112,0.9589379875263425,0.2838419731763142,-0.16012815380508716,-0.4445276036638913,-0.3144854510165755,2.098905763822046,-1.0944415004020078,-0.14285714285714288,-0.2847473987257497,-0.4445276036638914,-1.200139403050605,0.7107477709103726,0.3472697233890717,1.0022971700469645,0.0,0.0,0.0,0.0,0.0,0.0,1.106598601000861,0.4548861689097201,0.8499929636635305,0.34010017089100913,1.1442808941063516,3.0307929783475176,1.5650687740180693,1.2746617443844204,-0.08372342095301777,-0.07376490539589507,-0.07956147994724865,-0.12704828537683235,-0.2620717643129237,-0.11839287202604867,-0.2635246497447018,-0.26009617986738126,0.6216224670607843,1.5843460036081614,2.40076512675988,0.6652570908297807,0.5422978942754947,-0.6575548908898429,-0.3349449058957768,-0.6345865431149247
0.27817693378510366,-0.5717936757756602,-0.4087782201290008,-0.32273295419343495,-0.4680081039806013,-0.5009892302387697,-0.2565561339156427,-0.28448411999247825,-0.5100023847738482,-0.4117882500110253,-0.5997201052729793,-0.5470253644136008,-0.6374381250847041,-0.3760039791486757,-0.6394252708446829,-0.6393262976372862,-0.3499453845224995,-0.11617000461443372,-0.18399428539806895,-0.333589612243277,-0.3258116510072951,-0.14845141063458991,-0.2972608967733543,-0.20090716208239723,-0.24033273795833937,-0.2797223842391659,-0.1486598708475823,-0.25728934112964524,-0.3496832464118788,-0.29423755816416164,-0.26040238606199867,-0.27075322872372104,-0.22941573387056183,0.0,0.0,0.0,-0.5296730442733266,-0.4386178944714921,-0.07996112228566865,-0.10887305795899359,-0.4117882500110253,-0.6669374718609833,-0.7225261598111561,-0.7284003912860656,-0.3299846428599375,-0.16012815380508716,-0.4445276036638913,-0.3144854510165755,-0.47643873166512696,0.9137080416200247,-0.14285714285714288,-0.2847473987257497,-0.4445276036638914,0.551888922570716,-0.7811518560663556,-0.5997201052729793,-0.6394252708446829,0.0,0.0,0.0,0.0,0.0,0.0,-0.4680081039806013,-0.2565561339156427,-0.5009892302387697,-0.28448411999247825,-0.36809072544012517,-0.5345712154793376,-0.5023932788459589,-0.915478709884343,-0.08372342095301777,-0.07376490539589507,-0.07956147994724865,-0.12704828537683235,-0.2620717643129237,-0.11839287202604867,-0.2635246497447018,-0.26009617986738126,-1.3616197010294544,1.3243298911318855,1.6734859393356336,-0.754804504361866,0.5422978942754947,-0.6575548908898429,-0.26056229299420525,-0.45845520236370235
-1.6035340985834408,2.250825323446195,-0.4087782201290008,-0.3138379557635414,0.05686079767988617,-0.05066183227133628,0.32288511446564144,-0.16122649902116384,1.2482050512586282,-0.4117882500110253,1.3284930693764494,1.5490195500084287,0.047849317075169435,-0.3760039791486757,0.11653547360131272,0.3672406875351941,-0.3274300766320887,-0.13360983549762476,-0.17960763533858307,-0.29617340805162723,-0.3081886469202566,-0.14853926811065457,-0.28837453413228475,-0.19206756555077042,-0.2029027377579876,-0.26211374746069155,-0.148657489852281,-0.24725607647803358,-0.27679858367309673,-0.24457407464345535,-0.23519322838241016,-0.2642926287242094,-0.22941573387056183,0.0,0.0,0.0,0.17813057836363538,-0.06179839750285629,-0.0893677435290058,-0.13142345806250585,-0.4117882500110253,0.8437620198537786,0.8084808108609102,1.1144923045548965,0.4022351157100865,-0.16012815380508716,2.249579085208177,-0.3144854510165755,-0.47643873166512696,-1.0944415004020078,-0.14285714285714288,3.5118845842842465,2.2495790852081776,-1.200139403050605,0.8744404693422014,1.3284930693764494,0.11653547360131272,0.0,0.0,0.0,0.0,0.0,0.0,0.05686079767988617,0.32288511446564144,-0.05066183227133628,-0.16122649902116384,-0.36809072544012517,1.3181064947687555,-0.08890086827315324,-0.915478709884343,-0.08372342095301777,-0.07376490539589507,-0.07956147994724865,-0.12704828537683235,-0.2620717643129237,-0.11839287202604867,-0.2635246497447018,-0.26009617986738126,0.7593476176226064,-0.8010192021524585,-0.3761190434054258,-0.6211516483438286,-1.8465429443522559,1.5718467229476767,-1.1531536478130642,-0.810717883866147
0.6525396940709166,-0.5551760317275637,-0.4087782201290008,-0.10541419661678489,0.7566859998938694,0.6248292646798138,-0.0384135462897475,1.0986086076375592,-0.14331741148365257,-0.4117882500110253,-0.23676233122132206,-0.210765744444134,2.5693556747659865,-0.3760039791486757,3.6019506366960714,3.2250291552976202,-0.34708888198013166,-0.13379672184570596,-0.1337797481811464,0.2744457909421836,0.09737656355421677,-0.1485398633510073,-0.08083486362153033,-0.10864128284655394,0.34470013300789737,0.14128785393515822,-0.14865701365322073,-0.25497964101110776,-0.3429719028955773,-0.2896602492616503,-0.256736522399821,-0.27075322872372104,-0.22941573387056183,0.0,0.0,0.0,1.1218687418795847,0.5034308479500974,-0.08948313822493524,-0.13163024306836024,-0.4117882500110253,1.6920157451481637,1.8004227235887782,2.0366814532109814,1.3183953236175194,-0.16012815380508716,-0.4445276036638913,3.1797973380564857,2.098905763822046,-1.0944415004020078,-0.14285714285714288,-0.2847473987257497,2.2495790852081776,-1.200139403050605,1.7765856057617,-0.23676233122132206,3.6019506366960714,0.0,0.0,0.0,0.0,0.0,0.0,0.7566859998938694,-0.0384135462897475,0.6248292646798138,1.0986086076375592,1.1442808941063516,-0.4935245809008146,0.738083952872458,1.2746617443844204,-0.039916543500899446,-0.07376490539589507,-0.056201135447156735,0.16367005349450944,0.177162810987771,-0.11839287202604867,0.17453685834316102,0.1802055923067294,0.7593476176226064,-0.8010192021524585,-0.4091771882883461,-0.13666004527844328,-1.768983176864342,1.5481296845025967,-0.7961171058855205,1.9046402860485299
-1.6035340985834408,2.05640346594684,-0.4087782201290008,-0.3219928066183631,0.05686079767988617,-0.05066183227133628,0.32288511446564144,-0.17110291095796787,1.2482050512586282,-0.4117882500110253,1.3284930693764494,1.5490195500084287,-0.007061535661999924,-0.3760039791486757,0.05596169600147347,0.2865862816720149,-0.09407909740039005,-0.1314522977524303,-0.1836969129950269,-0.3305018851780263,-0.32440055707632504,-0.14853950620679565,-0.2964947072830138,-0.20014500480444847,-0.23721152961328254,-0.27823755217004337,-0.14865689460345569,-0.25644337727498945,-0.34353790963698516,-0.2901687859740925,-0.2583069315269084,-0.2635163550808572,-0.22941573387056183,0.0,0.0,0.0,0.17813057836363538,-0.06179839750285629,-0.08803555198789417,-0.1290361972494406,-0.4117882500110253,0.8437620198537786,0.7777870063165624,1.1058653367479288,0.3953958123905994,-0.16012815380508716,2.249579085208177,-0.3144854510165755,-0.47643873166512696,-1.0944415004020078,-0.14285714285714288,3.5118845842842465,2.2495790852081776,-1.200139403050605,0.8412489632193358,1.3284930693764494,0.05596169600147347,0.0,0.0,0.0,0.0,0.0,0.0,0.05686079767988617,0.32288511446564144,-0.05066183227133628,-0.17110291095796787,-0.36809072544012517,1.3181064947687555,-0.08890086827315324,-0.915478709884343,-0.08372342095301777,-0.07376490539589507,-0.07956147994724865,-0.12704828537683235,-0.2620717643129237,-0.11839287202604867,-0.2635246497447018,-0.26009617986738126,0.7593476176226064,-0.8010192021524585,-0.3761190434054258,-0.6211516483438286,-1.319136525434441,-0.8591497176730228,0.7361647198868538,1.1560820878558353
-1.6035340985834408,1.411977638770382,-0.4087782201290008,-0.12732654893897233,-0.11809550287360965,1.0751566626472473,0.32288511446564144,0.12439933419120894,1.2482050512586282,-0.4117882500110253,1.9712307942595926,1.8732788267366087,0.12033164268823299,-0.3760039791486757,0.3009826263928237,0.35841839460290104,-0.3483211315996769,-0.1337988318092716,-0.12528164134977143,0.22453166572697927,0.018414194388987785,-0.14853903001451346,-0.2760373019801116,-0.16923930946923504,-0.14205296463731135,-0.23976250569799154,-0.14517087938281154,-0.03648830072240811,0.10859258250769191,0.21295451360056014,0.23045215501158858,-0.24866699151608812,-0.22941573387056183,0.0,0.0,0.0,0.31969130289102776,1.7469351879465955,-0.08948915674176963,-0.13162131043411035,-0.4117882500110253,0.8437620198537786,0.8899217055852461,0.8605316976890688,0.21433250724503883,-0.16012815380508716,-0.4445276036638913,-0.3144854510165755,-0.47643873166512696,0.9137080416200247,-0.14285714285714288,-0.2847473987257497,-0.4445276036638914,2.303917248192037,0.8832513055129986,1.9712307942595926,0.3009826263928237,0.0,0.0,0.0,0.0,0.0,0.0,-0.11809550287360965,0.32288511446564144,1.0751566626472473,0.12439933419120894,-0.36809072544012517,-0.5345712154793376,-0.08890086827315324,-0.915478709884343,-0.08372342095301777,-0.07376490539589507,-0.07956147994724865,-0.12704828537683235,-0.2620717643129237,-0.11839287202604867,-0.2635246497447018,-0.26009617986738126,0.7593476176226064,-0.8010192021524585,-0.3761190434054258,-0.6712714693505926,-1.8465429443522559,1.5718467229476767,1.5841265069647696,-0.531843261010045
0.9221155217849902,-0.4203121767256566,-0.4087782201290008,-0.26708509598737323,1.106598601000861,0.8499929636635305,0.4548861689097201,0.34010017089100913,0.7630526250592925,-0.4117882500110253,0.3472697233890717,0.3949281025127592,1.9389790853432822,-0.3760039791486757,1.0022971700469645,1.7640221896335169,-0.34204738474294455,-0.13373418385678304,-0.17361298184151794,-0.23708568343587577,-0.2506144356903242,-0.14853962525486622,-0.24181983695740616,-0.1825240650510797,-0.1448949244467145,-0.19954718484253003,-0.1486596327480522,-0.19517442161124557,-0.1992760719661569,-0.18006294380587518,-0.1531083158498072,0.0917415216364765,-0.22941573387056183,0.0,0.0,0.0,1.5937378236375594,0.6918405964344153,-0.08944308419114584,-0.1315644854822382,-0.4117882500110253,1.2283037086539,0.7666008197715112,0.9589379875263425,0.2838419731763142,-0.16012815380508716,-0.4445276036638913,3.1797973380564857,2.098905763822046,-1.0944415004020078,-0.14285714285714288,-0.2847473987257497,2.2495790852081776,-1.200139403050605,0.7107477709103726,0.3472697233890717,1.0022971700469645,0.0,0.0,0.0,0.0,0.0,0.0,1.106598601000861,0.4548861689097201,0.8499929636635305,0.34010017089100913,1.1442808941063516,3.0307929783475176,1.5650687740180693,1.2746617443844204,-0.08372342095301777,-0.07376490539589507,-0.07956147994724865,-0.12704828537683235,-0.2620717643129237,-0.11839287202604867,-0.2635246497447018,-0.26009617986738126,0.1671294702067712,0.634721940651327,-0.3265318260810453,-0.7380978973596113,0.5422978942754947,-0.6575548908898429,-0.29031533815483385,0.09929404334850157
0.7104797335291198,-0.5717936757756602,-0.4087782201290008,-0.12261996440987714,-0.29305180342710546,-0.7261529292224864,-0.2565561339156427,-0.28448411999247825,-0.5100023847738482,-0.4117882500110253,-0.5997201052729793,-0.5470253644136008,-0.6374381250847041,-0.3760039791486757,-0.6394252708446829,-0.6393262976372862,-0.3499453845224995,-0.1338108482607071,0.4180897446750747,-0.333589612243277,0.07307811813029697,0.4530897993368543,-0.09796763198106685,0.3938261804753356,-0.24033273795833937,0.11711781263863749,0.4529783553703205,-0.25728934112964524,-0.3496832464118788,-0.29423755816416164,-0.26040238606199867,-0.27075322872372104,-0.22941573387056183,0.0,0.0,0.0,-0.4352992279217317,-0.7400734920464007,-0.08949065945639256,-0.13164874375170219,-0.4117882500110253,-0.6669374718609833,-0.7225261598111561,-0.7284003912860656,-0.3299846428599375,-0.16012815380508716,-0.4445276036638913,-0.3144854510165755,-0.47643873166512696,0.9137080416200247,-0.14285714285714288,-0.2847473987257497,-0.4445276036638914,-1.200139403050605,-0.7811518560663556,-0.5997201052729793,-0.6394252708446829,0.0,0.0,0.0,0.0,0.0,0.0,-0.29305180342710546,-0.2565561339156427,-0.7261529292224864,-0.28448411999247825,0.010325217446519236,-0.5474374282598455,-0.5023932788459589,1.2746617443844204,-0.08372342095301777,-0.07376490539589507,-0.07956147994724865,-0.12704828537683235,0.15194651727027306,-0.11839287202604867,0.1493879099783573,0.15492803121337415,-1.3616197010294544,1.3243298911318855,-1.367863389893035,-1.0722300374047047,0.5422978942754947,-0.6575548908898429,-0.26056229299420525,-0.45845520236370235
0.5675472233781362,-0.5717936757756602,-0.4087782201290008,-0.32268230146998705,-0.11809550287360965,0.1745018667123804,-0.15678068900720768,-0.09169655898606341,-0.20725222733937898,-0.4117882500110253,-0.15702160813421565,-0.1302671026219605,0.4344217203448417,-0.3760039791486757,0.24737483321696582,0.7241215835415609,0.9559936663154128,-0.11112216650282364,-0.18404266253001833,-0.33338255953342893,-0.3257640487896517,-0.1485398633510073,-0.2971972086768543,-0.20081213269303952,-0.24011202637560483,-0.27961668938671264,-0.14862784646077973,-0.25721014527505487,-0.3492997113510879,-0.293972786875077,-0.260227258376071,-0.27075322872372104,-0.22941573387056183,0.0,0.0,0.0,-0.05780396251535196,0.12661135098146162,-0.07898525957558454,-0.09817231537587134,-0.4117882500110253,0.12153456231741651,0.07428500616011176,0.23277670569965875,-0.13080352101729092,-0.16012815380508716,-0.4445276036638913,3.1797973380564857,2.098905763822046,-1.0944415004020078,-0.14285714285714288,-0.2847473987257497,2.2495790852081776,0.551888922570716,0.08049964288324635,-0.15702160813421565,0.24737483321696582,0.0,0.0,0.0,0.0,0.0,0.0,-0.11809550287360965,-0.15678068900720768,0.1745018667123804,-0.09169655898606341,1.1442808941063516,-0.5388979065028713,-0.08890086827315324,1.2746617443844204,-0.08372342095301777,-0.07376490539589507,-0.07956147994724865,-0.12704828537683235,-0.2620717643129237,-0.11839287202604867,-0.2635246497447018,-0.26009617986738126,0.7593476176226064,-0.8010192021524585,-0.4587644056127265,0.06381923874861271,0.4957620337827463,1.9868948957365766,1.2270899650372262,2.9027178836387897
0.7042114872674493,-0.5730296988866757,2.3668763609938437,-0.32272598399849606,-0.4680081039806013,-0.5009892302387697,-0.22990803372270666,-0.24537352872273424,-0.42914364707395886,2.609866144267829,-0.24501137154067792,-0.5470253644136008,-0.4199911482455135,1.7414245723711708,0.08019120704140908,-0.6393262976372862,0.2787383090359921,-0.1195489437011207,-0.18397331403052436,-0.333589612243277,-0.3257977571593594,-0.1484304581741734,-0.2972608967733543,-0.20090716208239723,-0.24033273795833937,-0.2797223842391659,-0.1486598708475823,-0.25728934112964524,-0.3496832464118788,-0.29423755816416164,-0.26040238606199867,-0.27075322872372104,-0.22941573387056183,0.0,0.0,0.0,-0.8127944933281115,-0.6647095926526736,-0.08178668469788448,-0.11323488679415868,2.609866144267829,-0.506981055091185,-0.11683508346936022,-0.549582049550043,-0.32309073502951674,-0.16012815380508716,-0.4445276036638913,-0.3144854510165755,-0.47643873166512696,-1.0944415004020078,-0.14285714285714288,-0.2847473987257497,-0.4445276036638914,0.551888922570716,0.07850815251587431,-0.24501137154067792,0.08019120704140908,0.0,0.0,0.0,0.0,0.0,0.0,-0.4680081039806013,-0.22990803372270666,-0.5009892302387697,-0.24537352872273424,-0.36809072544012517,-0.5474374282598455,-0.5023932788459589,-0.03942252817683768,-0.08372342095301777,-0.07376490539589507,-0.07956147994724865,-0.12704828537683235,-0.2620717643129237,-0.11839287202604867,-0.2635246497447018,-0.26009617986738126,0.7593476176226064,-0.8010192021524585,-0.4587644056127265,0.08052584575086738,0.5422978942754947,-0.6575548908898429,-1.2870423510358928,-0.7960402721368784
1.0868631784650764,-0.5717936757756602,-0.4087782201290008,0.672248868578315,-0.29305180342710546,-0.7261529292224864,-0.2565561339156427,-0.28448411999247825,-0.5100023847738482,-0.4117882500110253,-0.5997201052729793,-0.5470253644136008,-0.6374381250847041,-0.3760039791486757,-0.6394252708446829,-0.6393262976372862,-0.3499453845224995,-0.13381292046523494,2.8067201671165942,-0.333589612243277,1.6555818720448072,2.839566707411493,0.6925664853640657,2.752947541172681,-0.24033273795833937,1.691258891078151,2.839489232293177,-0.25728934112964524,-0.3496832464118788,-0.29423755816416164,-0.26040238606199867,-0.27075322872372104,-0.22941573387056183,0.0,0.0,0.0,-0.4352992279217317,-0.7400734920464007,-0.0894928985844735,-0.13164874375170219,-0.4117882500110253,-0.6669374718609833,-0.7225261598111561,-0.7284003912860656,-0.3299846428599375,-0.16012815380508716,-0.4445276036638913,-0.3144854510165755,-0.47643873166512696,0.9137080416200247,-0.14285714285714288,-0.2847473987257497,-0.4445276036638914,-1.200139403050605,-0.7811518560663556,-0.5997201052729793,-0.6394252708446829,0.0,0.0,0.0,0.0,0.0,0.0,-0.29305180342710546,-0.2565561339156427,-0.7261529292224864,-0.28448411999247825,0.010325217446519236,-0.5474374282598455,-0.5023932788459589,1.2746617443844204,-0.08372342095301777,-0.07376490539589507,-0.07956147994724865,-0.12704828537683235,1.7942276908826547,-0.11839287202604867,1.7872830304261014,1.8011994128656148,-1.3616197010294544,1.3130248427633517,-1.3348052450101149,-0.23689968729197128,0.5422978942754947,-0.6575548908898429,-0.26056229299420525,-0.45845520236370235
0.43438822877988886,-0.5717936757756602,-0.4087782201290008,1.8349091066903567,-0.29305180342710546,-0.7261529292224864,-0.2565561339156427,-0.28448411999247825,-0.5100023847738482,-0.4117882500110253,-0.5997201052729793,-0.5470253644136008,-0.6374381250847041,-0.3760039791486757,-0.6394252708446829,-0.6393262976372862,-0.3499453845224995,-0.13381320161892457,6.307747349551883,-0.333589612243277,3.975065290956269,6.337437473406055,1.851256171078959,6.2107231488461805,-0.24033273795833937,3.998485096031029,6.337409786593141,-0.25728934112964524,-0.3496832464118788,-0.29423755816416164,-0.26040238606199867,-0.27075322872372104,-0.22941573387056183,0.0,0.0,0.0,-0.4352992279217317,-0.7400734920464007,-0.08949320238610751,-0.13164874375170219,-0.4117882500110253,-0.6669374718609833,-0.7225261598111561,-0.7284003912860656,-0.3299846428599375,-0.16012815380508716,-0.4445276036638913,-0.3144854510165755,-0.47643873166512696,0.9137080416200247,-0.14285714285714288,-0.2847473987257497,-0.4445276036638914,-1.200139403050605,-0.7811518560663556,-0.5997201052729793,-0.6394252708446829,0.0,0.0,0.0,0.0,0.0,0.0,-0.29305180342710546,-0.2565561339156427,-0.7261529292224864,-0.28448411999247825,-0.3164046454360957,-0.5474374282598455,-0.5023932788459589,1.2746617443844204,-0.08372342095301777,-0.07376490539589507,-0.07956147994724865,-0.12704828537683235,-0.2620717643129237,-0.11839287202604867,-0.2635246497447018,-0.26009617986738126,0.7593476176226064,-0.8010192021524585,-0.4091771882883461,0.347831557786942,0.4957620337827463,1.9868948957365766,1.2270899650372262,2.9027178836387897
0.5044523761389543,-0.5730296988866757,2.3668763609938437,-0.3097826884274277,-0.29305180342710546,-0.275825531255053,-0.2082177196121773,-0.12646152900361363,-0.43666539011580907,2.3287820145674707,-0.2780075328181013,-0.5470253644136008,-0.19815130318734928,3.901629458265156,0.8143453915514626,-0.6393262976372862,-0.3440112804321694,-0.13373344592896746,-0.1710653975883434,-0.2876366769212011,-0.30815217556942537,-0.1484949822284106,-0.2884098682093523,-0.17449381686258117,-0.24033273795833937,-0.26209788538030854,-0.12193986537725066,-0.2572724728600517,-0.34943817400862764,-0.29423755816416164,-0.260359954739637,-0.2613127395771478,-0.22941573387056183,0.0,0.0,0.0,-0.7184206769765165,-0.5893456932589464,-0.08945024223438279,-0.13154547755729326,2.3287820145674707,-0.3437931955583604,0.2930704449522226,-0.2406797154896609,-0.27870043164019814,-0.16012815380508716,-0.4445276036638913,-0.3144854510165755,-0.47643873166512696,-1.0944415004020078,-0.14285714285714288,-0.2847473987257497,-0.4445276036638914,0.551888922570716,0.42004875052016566,-0.2780075328181013,0.8143453915514626,0.0,0.0,0.0,0.0,0.0,0.0,-0.29305180342710546,-0.2082177196121773,-0.275825531255053,-0.12646152900361363,-0.36809072544012517,-0.5474374282598455,-0.08890086827315324,-0.03942252817683768,-0.08372342095301777,-0.07376490539589507,-0.07956147994724865,-0.12704828537683235,-0.2620717643129237,-0.11839287202604867,-0.2635246497447018,-0.26009617986738126,0.7593476176226064,-0.8010192021524585,-0.4422353331712664,-0.4707921853235366,0.5422978942754947,-0.6575548908898429,-1.2870423510358928,-0.7960402721368784
0.668086594338349,-0.5717936757756602,-0.4087782201290008,-0.32275845877037035,-0.29305180342710546,-0.7261529292224864,-0.2565561339156427,-0.28448411999247825,-0.5100023847738482,-0.4117882500110253,-0.5997201052729793,-0.5470253644136008,-0.6374381250847041,-0.3760039791486757,-0.6394252708446829,-0.6393262976372862,-0.3499453845224995,-0.0013985518304298423,-0.18407102153840246,-0.333589612243277,-0.3258624898599689,-0.14852807759202302,-0.29725699267332123,-0.20089551142042025,-0.24033273795833937,-0.2797146102492752,-0.14864808492084083,-0.25728934112964524,-0.3496832464118788,-0.29423755816416164,-0.26040238606199867,-0.27075322872372104,-0.22941573387056183,0.0,0.0,0.0,-0.4352992279217317,-0.7400734920464007,0.05358792531638316,-0.13164874375170219,-0.4117882500110253,-0.6669374718609833,-0.7225261598111561,-0.7284003912860656,-0.3299846428599375,-0.16012815380508716,-0.4445276036638913,-0.3144854510165755,-0.47643873166512696,0.9137080416200247,-0.14285714285714288,-0.2847473987257497,-0.4445276036638914,-1.200139403050605,-0.7811518560663556,-0.5997201052729793,-0.6394252708446829,0.0,0.0,0.0,0.0,0.0,0.0,-0.29305180342710546,-0.2565561339156427,-0.7261529292224864,-0.28448411999247825,-0.320650287722141,-0.5474374282598455,-0.5023932788459589,1.2746617443844204,-0.08372342095301777,-0.07376490539589507,-0.07956147994724865,-0.12704828537683235,-0.2620717643129237,-0.11839287202604867,-0.2635246497447018,-0.26009617986738126,0.7593476176226064,-0.8010192021524585,-0.3926481158468859,-0.5877384343393193,-1.768983176864342,-0.4085259872165029,0.0667212037727097,-0.4290999789051653
0.6729527328835931,-0.5551760317275637,-0.4087782201290008,1.6248545199448052,1.6314675026613483,2.4261388565495476,0.309251202739023,1.968522971031259,0.17071536051359187,-0.4117882500110253,-0.02038365822898803,-0.04697348908656576,2.5034626514813834,-0.3760039791486757,2.321594046171466,2.43460824229373,-0.3493980112571766,-0.13380984362410134,0.04129543791548709,3.58433621078574,3.52487998783628,-0.14853926811065457,1.6420927893079604,0.2813797085279923,3.8462663754080615,3.558069015960773,-0.14865653745416046,-0.24365964506779503,-0.334450903949939,-0.28047958930583167,-0.24787445372227943,-0.27020232484779366,-0.22941573387056183,0.0,0.0,0.0,2.301541446274521,2.0107088358246408,-0.0894915901460257,-0.13164392630371335,-0.4117882500110253,1.6435441037027703,1.5982762500791843,1.6294900976455327,0.8686549187705025,-0.16012815380508716,-0.4445276036638913,3.1797973380564857,2.098905763822046,-1.0944415004020078,-0.14285714285714288,-0.2847473987257497,2.2495790852081776,0.551888922570716,1.496129672173898,-0.02038365822898803,2.321594046171466,0.0,0.0,0.0,0.0,0.0,0.0,1.6314675026613483,0.309251202739023,2.4261388565495476,1.968522971031259,1.1442808941063516,-0.5371330720064299,1.978561184590875,1.2746617443844204,0.05422596800753515,-0.07376490539589507,-0.005998938238632446,0.788433929733418,3.734136582624391,-0.11839287202604867,3.722010992330459,3.7458216510067346,0.7593476176226064,-0.8010192021524585,-0.4257062607298062,0.04711263174635805,1.2248238481691378,-0.3373748718812629,1.6585091198663413,0.14332687853630716
0.9033107829999791,-0.5717936757756602,-0.4087782201290008,-0.2811007718911397,-0.11809550287360965,0.1745018667123804,-0.24416166870962594,0.09635032429068546,-0.47239366956459733,-0.4117882500110253,-0.5447265031411905,-0.49525415178568033,1.4799243564605464,-0.3760039791486757,1.1123683773426725,2.054042057806174,-0.34613954305489036,-0.13376982718968314,-0.16319146330459028,-0.1577179165045831,-0.24285377431041938,-0.14853962525486622,-0.29724760705910014,-0.20088733242034548,-0.24026449565839542,-0.2796960783137782,-0.1486596327480522,-0.21022073911500927,-0.1217362253195466,-0.10366517169589971,-0.14204375765689442,-0.27025240701833253,-0.22941573387056183,0.0,0.0,0.0,-0.05780396251535196,0.12661135098146162,-0.08947326449931975,-0.13158439850058037,-0.4117882500110253,0.8906179399176589,0.4855819870543717,1.1514344659180067,0.43188512980198235,-0.16012815380508716,-0.4445276036638913,3.1797973380564857,2.098905763822046,-1.0944415004020078,-0.14285714285714288,-0.2847473987257497,2.2495790852081776,0.551888922570716,0.5252658251951828,-0.5447265031411905,1.1123683773426725,0.0,0.0,0.0,0.0,0.0,0.0,-0.11809550287360965,-0.24416166870962594,0.1745018667123804,0.09635032429068546,1.1442808941063516,-0.5353682375099885,-0.08890086827315324,1.2746617443844204,-0.08372342095301777,-0.07376490539589507,-0.07956147994724865,-0.12704828537683235,-0.2620717643129237,-0.11839287202604867,-0.2635246497447018,-0.26009617986738126,-1.3616197010294544,1.2904147460262843,1.7891894464258546,2.068612079019173,0.5422978942754947,-0.6575548908898429,-0.26056229299420525,-0.45845520236370235
0.9934992999359863,-0.5730296988866757,2.3668763609938437,-0.3226956478091598,-0.4680081039806013,-0.5009892302387697,-0.23610526632571502,-0.25050926292987236,-0.4479480046785843,1.9071558200169327,-0.32750177473423636,-0.5470253644136008,-0.44854479166884154,1.4633783989392717,-0.014303886014340364,-0.6393262976372862,-0.06259854868327941,-0.1260335762676127,-0.18388204091950652,-0.333589612243277,-0.32573728734391194,-0.1483392673521334,-0.2972608967733543,-0.20090716208239723,-0.24033273795833937,-0.2797223842391659,-0.1486598708475823,-0.25728934112964524,-0.3496832464118788,-0.29423755816416164,-0.26040238606199867,-0.27075322872372104,-0.22941573387056183,0.0,0.0,0.0,-0.8127944933281115,-0.6647095926526736,-0.08529018125899757,-0.12160581523895295,1.9071558200169327,-0.5279854330508554,-0.22487727546546435,-0.5591616035716156,-0.3238095831993342,-0.16012815380508716,-0.4445276036638913,-0.3144854510165755,-0.47643873166512696,-1.0944415004020078,-0.14285714285714288,-0.2847473987257497,-0.4445276036638914,0.551888922570716,-0.07483660577176669,-0.32750177473423636,-0.014303886014340364,0.0,0.0,0.0,0.0,0.0,0.0,-0.4680081039806013,-0.23610526632571502,-0.5009892302387697,-0.25050926292987236,-0.36809072544012517,-0.5474374282598455,-0.5023932788459589,-0.03942252817683768,-0.08372342095301777,-0.07376490539589507,-0.07956147994724865,-0.12704828537683235,-0.2620717643129237,-0.11839287202604867,-0.2635246497447018,-0.26009617986738126,0.7593476176226064,-0.8010192021524585,-0.4091771882883461,0.5817240558185074,0.5422978942754947,-0.6575548908898429,-1.2870423510358928,-0.7960402721368784
0.6667669635464185,-0.5551760317275637,-0.4087782201290008,4.236887470025148,2.6812053059823233,3.3267936524844144,-0.034075483467641624,1.098213551160087,-0.15083915452550273,-0.4117882500110253,-0.44385665923883466,-0.3190316273332077,2.5693556747659865,-0.3760039791486757,0.7739628731515695,1.9018548310912318,-0.3498090094780587,-0.13381133581407045,0.19699249913598088,1.5692640305728267,0.464701167970562,-0.14853914906258403,4.243043587863433,0.5518278881663586,1.1541899008058836,0.5091912187858886,-0.14865629935463034,4.691393120411304,3.8795782884436454,1.256799259026217,0.8703720958889049,-0.2703024891888714,-0.22941573387056183,0.0,0.0,0.0,3.7171486915484455,4.007852169758411,-0.08949229357453381,-0.1316460980946632,-0.4117882500110253,1.6920157451481637,0.27492556007632174,1.0574809860558039,0.35763229122448303,-0.16012815380508716,-0.4445276036638913,3.1797973380564857,2.098905763822046,-1.0944415004020078,-0.14285714285714288,-0.2847473987257497,2.2495790852081776,-1.200139403050605,0.18814777084929804,-0.4438566592388346,0.7739628731515699,0.0,0.0,0.0,0.0,0.0,0.0,2.6812053059823233,-0.034075483467641624,3.3267936524844144,1.098213551160087,1.1442808941063516,-0.4779257211580749,5.28650046917332,1.2746617443844204,-0.06955254830617913,-0.06566285216599378,-0.05584195271709957,-0.05337459950655597,0.558294124148356,-0.10966663717321339,0.5547186909016647,0.5617073884165191,0.7593476176226064,-0.8010192021524585,-0.3761190434054258,-1.005403609395686,-1.768983176864342,-0.5982622947771429,-0.7812405833052062,2.3009358027387803
0.6713031943936799,-0.5717936757756602,-0.4087782201290008,-0.32271461782834004,-0.4680081039806013,-0.5009892302387697,-0.2565561339156427,-0.28448411999247825,-0.5100023847738482,-0.4117882500110253,-0.5997201052729793,-0.5470253644136008,-0.6374381250847041,-0.3760039791486757,-0.6394252708446829,-0.6393262976372862,-0.3499453845224995,-0.12294356316904727,-0.18393911640276703,-0.333589612243277,-0.325775100714146,-0.14839629137792604,-0.2972608967733543,-0.20090716208239723,-0.24033273795833937,-0.2797223842391659,-0.1486598708475823,-0.25728934112964524,-0.3496832464118788,-0.29423755816416164,-0.26040238606199867,-0.27075322872372104,-0.22941573387056183,0.0,0.0,0.0,-0.671233768800719,-0.5516637435620828,-0.08362071885636913,-0.11761695723098703,-0.4117882500110253,-0.6669374718609833,-0.7225261598111561,-0.7284003912860656,-0.3299846428599375,-0.16012815380508716,-0.4445276036638913,-0.3144854510165755,-0.47643873166512696,0.9137080416200247,-0.14285714285714288,-0.2847473987257497,-0.4445276036638914,0.551888922570716,-0.7811518560663556,-0.5997201052729793,-0.6394252708446829,0.0,0.0,0.0,0.0,0.0,0.0,-0.4680081039806013,-0.2565561339156427,-0.5009892302387697,-0.28448411999247825,-0.36809072544012517,1.3163985904173607,-0.5023932788459589,-0.915478709884343,-0.08372342095301777,-0.07376490539589507,-0.07956147994724865,-0.12704828537683235,-0.2620717643129237,-0.11839287202604867,-0.2635246497447018,-0.26009617986738126,-1.3616197010294544,1.3130248427633517,-0.607526057585868,1.0160958378771288,0.5422978942754947,-0.6575548908898429,-0.26056229299420525,-0.4144223671758968
0.8578247591406211,-0.4203121767256566,-0.4087782201290008,-0.18633582325768697,0.9316423004473653,0.8499929636635305,0.4548861689097201,0.34010017089100913,0.7630526250592925,-0.4117882500110253,0.452490815462633,0.43348003626264164,1.9389790853432822,-0.3760039791486757,1.0022971700469645,1.7640221896335169,-0.3467221178430167,-0.13378299867812213,-0.15671819394921915,-0.2074644147462458,-0.2506242245377335,-0.14853367285133878,-0.1614131616194894,-0.1502323577361728,-0.12195135776350423,-0.1840315574231118,-0.1486458229753046,-0.11252034803705845,0.0008653072565876768,-0.1386833392515896,-0.10754506667820066,4.54306988021475,-0.22941573387056183,0.0,0.0,0.0,1.357803282758572,0.6918405964344153,-0.08947495844210764,-0.13161435696010754,-0.4117882500110253,1.2283037086539,0.8541965244528449,0.9974399902111776,0.31217439510958955,-0.16012815380508716,-0.4445276036638913,-0.3144854510165755,2.098905763822046,-1.0944415004020078,-0.14285714285714288,-0.2847473987257497,-0.4445276036638914,-1.200139403050605,0.8039914975964183,0.452490815462633,1.0022971700469645,0.0,0.0,0.0,0.0,0.0,0.0,0.9316423004473653,0.4548861689097201,0.8499929636635305,0.34010017089100913,1.1442808941063516,3.0307929783475176,1.5650687740180693,1.2746617443844204,-0.08372342095301777,-0.07376490539589507,-0.07956147994724865,-0.12704828537683235,-0.2620717643129237,-0.11839287202604867,-0.2635246497447018,-0.26009617986738126,0.08449437986967795,1.3695500846060205,1.1280265487674483,-0.40396575731451795,0.5422978942754947,-0.6575548908898429,-0.3200683833154625,-0.3410343085295542
0.20889631720874702,-0.5717936757756602,-0.4087782201290008,-0.3206969840138177,-0.29305180342710546,-0.5009892302387697,-0.2565561339156427,-0.28448411999247825,-0.5100023847738482,-0.4117882500110253,-0.5997201052729793,-0.5470253644136008,-0.6374381250847041,-0.3760039791486757,-0.6394252708446829,-0.6393262976372862,-0.3499453845224995,-0.13343639799146445,-0.18097571918212263,-0.32375120201562174,-0.32247128577120754,-0.14745712114937046,-0.2969022322299065,-0.19983683106542094,-0.24033273795833937,-0.2790081979961774,-0.14757711323431277,-0.25728934112964524,-0.3496832464118788,-0.29423755816416164,-0.26040238606199867,-0.27075322872372104,-0.22941573387056183,0.0,0.0,0.0,-0.1521777788669469,-0.4386178944714921,-0.08922185137149252,-0.13132426272424433,-0.4117882500110253,-0.6669374718609833,-0.7225261598111561,-0.7284003912860656,-0.3299846428599375,-0.16012815380508716,-0.4445276036638913,-0.3144854510165755,-0.47643873166512696,0.9137080416200247,-0.14285714285714288,-0.2847473987257497,-0.4445276036638914,-1.200139403050605,-0.7811518560663556,-0.5997201052729793,-0.6394252708446829,0.0,0.0,0.0,0.0,0.0,0.0,-0.29305180342710546,-0.2565561339156427,-0.5009892302387697,-0.28448411999247825,-0.36809072544012517,-0.5345712154793376,-0.5023932788459589,-0.915478709884343,-0.08372342095301777,-0.07376490539589507,-0.07956147994724865,-0.12704828537683235,-0.2620717643129237,-0.11839287202604867,-0.2635246497447018,-0.26009617986738126,-1.3616197010294544,1.3243298911318855,1.6734859393356336,-0.754804504361866,0.5422978942754947,-0.6575548908898429,-0.26056229299420525,-0.45845520236370235
0.6023937239775538,-0.5551760317275637,-0.4087782201290008,-0.3227439243297876,-0.11809550287360965,-0.7261529292224864,-0.20883744287247813,-0.28448411999247825,-0.42350233979257124,-0.4117882500110253,-0.38799473707617926,-0.4418456763156062,-0.6374381250847041,-0.3760039791486757,-0.6394252708446829,-0.6393262976372862,0.32235625676504714,-0.09161685162109734,-0.18405505470174924,-0.3334644666918269,-0.32583486004873313,-0.14853783953380797,-0.2972425198984509,-0.2008797418375423,-0.24024420740704752,-0.27968712644663135,-0.1486578470015762,-0.25728934112964524,-0.3496832464118788,-0.29423755816416164,-0.26040238606199867,-0.27075322872372104,4.358898943540674,0.0,0.0,0.0,-0.19936468704274438,-0.7400734920464007,-0.04389778411281386,-0.13164874375170219,-0.4117882500110253,-0.5926142883113801,-0.4204991230947741,-0.6084645279640933,-0.3268833735768489,-0.16012815380508716,2.249579085208177,-0.3144854510165755,-0.47643873166512696,0.9137080416200247,-0.14285714285714288,-0.2847473987257497,-0.4445276036638914,-1.200139403050605,-0.40011336577585366,-0.38799473707617915,-0.6394252708446829,0.0,0.0,0.0,0.0,0.0,0.0,-0.11809550287360965,-0.20883744287247813,-0.7261529292224864,-0.28448411999247825,-0.32046569457926943,-0.5474374282598455,-0.08890086827315324,1.2746617443844204,-0.08372342095301777,-0.07376490539589507,-0.07956147994724865,-0.12704828537683235,-0.2620717643129237,-0.11839287202604867,-0.2635246497447018,-0.26009617986738126,0.7593476176226064,-0.8010192021524585,-0.4257062607298062,-0.03642040326491529,-0.9778735484876193,0.45714591602891685,-0.8704997187870921,0.6863985125192426
-1.5884820598629823,1.7662127066606592,-0.4087782201290008,-0.3227608349731904,-0.29305180342710546,-0.7261529292224864,-0.2565561339156427,-0.28448411999247825,-0.5100023847738482,-0.4117882500110253,-0.5997201052729793,-0.5470253644136008,-0.6374381250847041,-0.3760039791486757,-0.6394252708446829,-0.6393262976372862,-0.3499453845224995,0.20231666417175567,-0.1840781708682472,-0.333589612243277,-0.32586722639903787,-0.14853522047625592,-0.2972593587945534,-0.200902572427679,-0.24033273795833937,-0.27971932175829983,-0.14865522790674476,-0.25728934112964524,-0.3496832464118788,-0.29423755816416164,-0.26040238606199867,-0.27075322872372104,-0.22941573387056183,0.0,0.0,0.0,-0.4352992279217317,-0.7400734920464007,0.273713137158931,-0.13164874375170219,-0.4117882500110253,-0.6669374718609833,-0.7225261598111561,-0.7284003912860656,-0.3299846428599375,-0.16012815380508716,-0.4445276036638913,-0.3144854510165755,-0.47643873166512696,0.9137080416200247,-0.14285714285714288,-0.2847473987257497,-0.4445276036638914,-1.200139403050605,-0.7811518560663556,-0.5997201052729793,-0.6394252708446829,0.0,0.0,0.0,0.0,0.0,0.0,-0.29305180342710546,-0.2565561339156427,-0.7261529292224864,-0.28448411999247825,-0.3199119151506548,-0.5474374282598455,-0.5023932788459589,1.2746617443844204,-0.08372342095301777,-0.07376490539589507,-0.07956147994724865,-0.12704828537683235,-0.2620717643129237,-0.11839287202604867,-0.2635246497447018,-0.26009617986738126,0.7593476176226064,-0.8010192021524585,-0.4257062607298062,0.9659760168703647,-0.3263715015891419,0.11324885857525693,1.1080777843947116,1.7725417804851133
0.967147922559622,-0.5730296988866757,2.3668763609938437,-0.3227500232503591,-0.4680081039806013,-0.5009892302387697,-0.23424609654481252,-0.21969485768704375,-0.4423066973971967,2.1179689172922016,-0.30275465377616884,-0.5470253644136008,-0.27722293112887314,3.1316554395306664,0.5526666723201563,-0.6393262976372862,2.258217825933684,-0.09179717893139969,-0.18404564141745364,-0.333589612243277,-0.325845675146274,-0.14850272035299625,-0.2972608967733543,-0.20090716208239723,-0.24033273795833937,-0.2797223842391659,-0.1486598708475823,-0.25728934112964524,-0.3496832464118788,-0.29423755816416164,-0.26040238606199867,-0.27075322872372104,-0.22941573387056183,0.0,0.0,0.0,-0.8127944933281115,-0.6647095926526736,-0.06679304991001019,-0.07741049200816857,2.1179689172922016,-0.40195916529283254,0.05013921325189143,-0.31967275303229964,-0.29396749174590253,-0.16012815380508716,-0.4445276036638913,-0.3144854510165755,-0.47643873166512696,-1.0944415004020078,-0.14285714285714288,-0.2847473987257497,-0.4445276036638914,0.551888922570716,0.31549550623313766,-0.30275465377616884,0.5526666723201563,0.0,0.0,0.0,0.0,0.0,0.0,-0.4680081039806013,-0.23424609654481252,-0.5009892302387697,-0.21969485768704375,-0.36809072544012517,-0.5474374282598455,-0.5023932788459589,-0.03942252817683768,-0.08372342095301777,-0.07376490539589507,-0.07956147994724865,-0.12704828537683235,-0.2620717643129237,-0.11839287202604867,-0.2635246497447018,-0.26009617986738126,0.7593476176226064,-0.8010192021524585,-0.4091771882883461,0.5984306628207621,0.5422978942754947,-0.6575548908898429,-1.2870423510358928,-0.7960402721368784
0.646601355507229,-0.5551760317275637,-0.4087782201290008,-0.3184777689933926,-0.6429644045340971,-0.275825531255053,-0.2565561339156427,-0.28448411999247825,-0.5100023847738482,-0.4117882500110253,-0.5997201052729793,-0.5470253644136008,-0.6374381250847041,-0.3760039791486757,-0.6394252708446829,-0.6393262976372862,-0.3499453845224995,-0.13369227284014584,-0.1711916229786022,-0.333589612243277,-0.3173296936695008,-0.1356602906945271,-0.2972608967733543,-0.20090716208239723,-0.24033273795833937,-0.2797223842391659,-0.1486598708475823,-0.25244863993392386,-0.27935461733246963,-0.29423755816416164,-0.24822583459340153,2.43839170440484,-0.22941573387056183,0.0,0.0,0.0,-0.9071683096797064,-0.3632539950777649,-0.08949346238127293,-0.1313359117454911,-0.4117882500110253,-0.6669374718609833,-0.7225261598111561,-0.7284003912860656,-0.3299846428599375,6.244997998398399,-0.4445276036638913,-0.3144854510165755,-0.47643873166512696,0.9137080416200247,-0.14285714285714288,-0.2847473987257497,-0.4445276036638914,-1.200139403050605,-0.7811518560663556,-0.5997201052729793,-0.6394252708446829,0.0,0.0,0.0,0.0,0.0,0.0,-0.6429644045340971,-0.2565561339156427,-0.275825531255053,-0.28448411999247825,-0.36809072544012517,1.0065847410743338,-0.5023932788459589,-0.915478709884343,-0.08372342095301777,-0.07376490539589507,-0.07956147994724865,-0.12704828537683235,-0.2620717643129237,-0.11839287202604867,-0.2635246497447018,-0.26009617986738126,1.0347979187462506,0.7477724243366645,-1.351334317451575,-0.8550441463753939,0.743953289744071,-0.7642815638927029,0.43863426828056756,-0.22361341469540597
0.7869770809988469,-0.5717936757756602,-0.4087782201290008,-0.3222479711978584,-0.4680081039806013,-0.5009892302387697,-0.2565561339156427,-0.28448411999247825,-0.5100023847738482,-0.4117882500110253,-0.5997201052729793,-0.5470253644136008,-0.6374381250847041,-0.3760039791486757,-0.6394252708446829,-0.6393262976372862,-0.3499453845224995,-0.1328041979366976,-0.18253510717675767,-0.333589612243277,-0.32484492338331417,-0.14699354796265535,-0.2972608967733543,-0.20090716208239723,-0.24033273795833937,-0.2797223842391659,-0.1486598708475823,-0.25728934112964524,-0.3496832464118788,-0.29423755816416164,-0.26040238606199867,-0.27075322872372104,-0.22941573387056183,0.0,0.0,0.0,-0.5296730442733266,-0.4386178944714921,-0.08894819109856957,-0.13034592332334108,-0.4117882500110253,-0.6669374718609833,-0.7225261598111561,-0.7284003912860656,-0.3299846428599375,-0.16012815380508716,-0.4445276036638913,-0.3144854510165755,-0.47643873166512696,0.9137080416200247,-0.14285714285714288,-0.2847473987257497,-0.4445276036638914,0.551888922570716,-0.7811518560663556,-0.5997201052729793,-0.6394252708446829,0.0,0.0,0.0,0.0,0.0,0.0,-0.4680081039806013,-0.2565561339156427,-0.5009892302387697,-0.28448411999247825,-0.36809072544012517,-0.5345712154793376,-0.5023932788459589,-0.915478709884343,-0.08372342095301777,-0.07376490539589507,-0.07956147994724865,-0.12704828537683235,-0.2620717643129237,-0.11839287202604867,-0.2635246497447018,-0.26009617986738126,-1.3616197010294544,1.3243298911318855,1.6734859393356336,-0.754804504361866,0.5422978942754947,-0.6575548908898429,-0.26056229299420525,-0.45845520236370235
0.8889597981377337,-0.5717936757756602,-0.4087782201290008,-0.3226856677573155,-0.4680081039806013,-0.5009892302387697,-0.2565561339156427,-0.28448411999247825,-0.5100023847738482,-0.4117882500110253,-0.5997201052729793,-0.5470253644136008,-0.6374381250847041,-0.3760039791486757,-0.6394252708446829,-0.6393262976372862,-0.3499453845224995,-0.1270457219686906,-0.18385201373415863,-0.333589612243277,-0.3257173938798222,-0.14830926723835525,-0.2972608967733543,-0.20090716208239723,-0.24033273795833937,-0.2797223842391659,-0.1486598708475823,-0.25728934112964524,-0.3496832464118788,-0.29423755816416164,-0.26040238606199867,-0.27075322872372104,-0.22941573387056183,0.0,0.0,0.0,-0.671233768800719,-0.5516637435620828,-0.08583702010402254,-0.12291238105475719,-0.4117882500110253,-0.6669374718609833,-0.7225261598111561,-0.7284003912860656,-0.3299846428599375,-0.16012815380508716,-0.4445276036638913,-0.3144854510165755,-0.47643873166512696,0.9137080416200247,-0.14285714285714288,-0.2847473987257497,-0.4445276036638914,0.551888922570716,-0.7811518560663556,-0.5997201052729793,-0.6394252708446829,0.0,0.0,0.0,0.0,0.0,0.0,-0.4680081039806013,-0.2565561339156427,-0.5009892302387697,-0.28448411999247825,-0.36809072544012517,1.3163985904173607,-0.5023932788459589,-0.915478709884343,-0.08372342095301777,-0.07376490539589507,-0.07956147994724865,-0.12704828537683235,-0.2620717643129237,-0.11839287202604867,-0.2635246497447018,-0.26009617986738126,-1.3616197010294544,1.3130248427633517,0.3842182889017414,-0.08654022427167929,0.5422978942754947,-0.6575548908898429,-0.26056229299420525,-0.4144223671758968
-1.6035340985834408,1.1910499523348073,-0.4087782201290008,-0.14859934627213764,0.05686079767988617,0.1745018667123804,0.32288511446564144,-0.15411548242666492,1.2482050512586282,-0.4117882500110253,1.3284930693764494,1.5490195500084287,0.08738513104593137,-0.3760039791486757,-0.03974487260627291,0.28267739250414725,-0.3487750064801826,-0.1338015186074223,-0.10922455121611624,0.33583577173463025,0.01623664949433735,-0.14853891096644292,-0.2947354172761646,-0.19839497338317866,-0.23356998541964613,-0.2760886329038946,-0.1486567755536906,-0.06259411797432898,0.5931999970960207,0.4896313356267305,0.22734757783380746,-0.24741493725261685,-0.22941573387056183,0.0,0.0,0.0,0.6971865682974075,0.541112797646961,-0.08948702032356931,-0.1316333516988962,-0.4117882500110253,0.8437620198537786,0.658012960139063,1.0263870260417893,0.3338965561742172,-0.16012815380508716,-0.4445276036638913,-0.3144854510165755,-0.47643873166512696,0.9137080416200247,-0.14285714285714288,-0.2847473987257497,-0.4445276036638914,0.551888922570716,0.6884020775235374,1.3284930693764494,-0.03974487260627291,0.0,0.0,0.0,0.0,0.0,0.0,0.05686079767988617,0.32288511446564144,0.1745018667123804,-0.15411548242666492,-0.36809072544012517,-0.5353682375099885,-0.08890086827315324,-0.915478709884343,-0.08372342095301777,-0.07376490539589507,-0.07956147994724865,-0.12704828537683235,-0.2620717643129237,-0.11839287202604867,-0.2635246497447018,-0.26009617986738126,0.7593476176226064,-0.8010192021524585,-0.3761190434054258,-0.6712714693505926,-1.8465429443522559,1.5718467229476767,1.5841265069647696,-0.531843261010045
-1.5884820598629823,-0.45643151874755233,-0.4087782201290008,-0.3227600825089641,-0.29305180342710546,-0.7261529292224864,-0.2565561339156427,-0.28448411999247825,-0.5100023847738482,-0.4117882500110253,-0.5997201052729793,-0.5470253644136008,-0.6374381250847041,-0.3760039791486757,-0.6394252708446829,-0.6393262976372862,-0.3499453845224995,0.09220507759126399,-0.18407590691379638,-0.333589612243277,-0.32586572649499934,-0.1485329585629155,-0.2972586095228299,-0.20090033644204708,-0.24033273795833937,-0.279717829780442,-0.14865296596120853,-0.25728934112964524,-0.3496832464118788,-0.29423755816416164,-0.26040238606199867,-0.27075322872372104,-0.22941573387056183,0.0,0.0,0.0,-0.4352992279217317,-0.7400734920464007,0.15473166489576062,-0.13164874375170219,-0.4117882500110253,-0.6669374718609833,-0.7225261598111561,-0.7284003912860656,-0.3299846428599375,-0.16012815380508716,-0.4445276036638913,-0.3144854510165755,-0.47643873166512696,0.9137080416200247,-0.14285714285714288,-0.2847473987257497,-0.4445276036638914,-1.200139403050605,-0.7811518560663556,-0.5997201052729793,-0.6394252708446829,0.0,0.0,0.0,0.0,0.0,0.0,-0.29305180342710546,-0.2565561339156427,-0.7261529292224864,-0.28448411999247825,11.464514325768066,-0.5474374282598455,-0.5023932788459589,1.2746617443844204,-0.08372342095301777,-0.07376490539589507,-0.07956147994724865,-0.12704828537683235,-0.2620717643129237,-0.11839287202604867,-0.2635246497447018,-0.26009617986738126,0.7593476176226064,-0.8010192021524585,-0.4091771882883461,0.94926940986811,-1.768983176864342,-0.7049889677800029,0.3791281779593103,0.8184970180826593
0.7848326809619596,-0.5717936757756602,-0.4087782201290008,-0.3224810766945074,-0.29305180342710546,0.3996655656960971,-0.07187860234599278,0.08489368644399278,0.05036747184398922,-0.4117882500110253,0.6293869023110417,0.39773189045805557,1.41622776728543,-0.3760039791486757,0.7198502984957131,1.697225019246199,0.356340659690968,-0.12735395194266388,-0.18394175768295967,-0.33258562876282644,-0.32538394152936523,-0.14853950620679565,-0.29701793555816114,-0.20018211432037514,-0.24033273795833937,-0.2792385907874834,-0.14792640524501457,-0.25697152861260814,-0.34852890338781184,-0.2931830927668088,-0.2596358085113219,-0.27067810546791277,-0.22941573387056183,0.0,0.0,0.0,-0.4352992279217317,0.42806694855637023,-0.0874992265116308,-0.11973664003215939,-0.4117882500110253,0.8437620198537786,0.7912922803160757,1.1095060038640034,0.39827815330742156,-0.16012815380508716,2.249579085208177,-0.3144854510165755,-0.47643873166512696,-1.0944415004020078,-0.14285714285714288,3.5118845842842465,2.2495790852081776,2.303917248192037,0.8558532259133964,0.6293869023110417,0.7198502984957131,0.0,0.0,0.0,0.0,0.0,0.0,-0.29305180342710546,-0.07187860234599278,0.3996655656960971,0.08489368644399278,-0.36809072544012517,-0.5349127963496166,-0.08890086827315324,-0.915478709884343,-0.08372342095301777,-0.07376490539589507,-0.07956147994724865,-0.12704828537683235,-0.2620717643129237,-0.11839287202604867,-0.2635246497447018,-0.26009617986738126,-1.3616197010294544,1.3130248427633517,-1.3348052450101149,-0.23689968729197128,0.5422978942754947,-0.6575548908898429,-0.26056229299420525,-0.4144223671758968
-1.6035340985834408,1.9226840767884659,-0.4087782201290008,-0.3220275387829165,0.05686079767988617,-0.05066183227133628,0.32288511446564144,-0.18611505710191,1.2482050512586282,-0.4117882500110253,1.3284930693764494,1.5490195500084287,-0.09052603182249734,-0.3760039791486757,-0.036110445950282545,0.16399158475998202,-0.09031823409183443,-0.1313406985226566,-0.1837143295568987,-0.3306791582439618,-0.32448210449062953,-0.14853950620679565,-0.2965294892651271,-0.20017960374001645,-0.2373923871160252,-0.27831741224801143,-0.148657489852281,-0.2564885681298687,-0.3438661896466452,-0.2904032026598207,-0.2584231956011779,-0.2629404101196604,-0.22941573387056183,0.0,0.0,0.0,0.17813057836363538,-0.06179839750285629,-0.08796664401618881,-0.12891271553117148,-0.4117882500110253,0.8437620198537786,0.7311324234091537,1.095185652485596,0.386973606343308,-0.16012815380508716,2.249579085208177,-0.3144854510165755,-0.47643873166512696,-1.0944415004020078,-0.14285714285714288,3.5118845842842465,2.2495790852081776,-1.200139403050605,0.790797873912579,1.3284930693764494,-0.036110445950282545,0.0,0.0,0.0,0.0,0.0,0.0,0.05686079767988617,0.32288511446564144,-0.05066183227133628,-0.18611505710191,-0.36809072544012517,1.3181064947687555,-0.08890086827315324,-0.915478709884343,-0.08372342095301777,-0.07376490539589507,-0.07956147994724865,-0.12704828537683235,-0.2620717643129237,-0.11839287202604867,-0.2635246497447018,-0.26009617986738126,0.7593476176226064,-0.8010192021524585,-0.3761190434054258,-0.6211516483438286,-1.8465429443522559,1.5718467229476767,-0.8109936284658349,-0.1942581912368689
0.4794618680167685,-0.5717936757756602,-0.4087782201290008,-0.3227594884582591,-0.29305180342710546,-0.7261529292224864,-0.2565561339156427,-0.28448411999247825,-0.5100023847738482,-0.4117882500110253,-0.5997201052729793,-0.5470253644136008,-0.6374381250847041,-0.3760039791486757,-0.6394252708446829,-0.6393262976372862,-0.3499453845224995,0.04576291598377473,-0.18407411958133518,-0.333589612243277,-0.3258645423602321,-0.1485311728418573,-0.29725801799252183,-0.20089857119023238,-0.24033273795833937,-0.2797166519031859,-0.14865118021473253,-0.25728934112964524,-0.3496832464118788,-0.29423755816416164,-0.26040238606199867,-0.27075322872372104,-0.22941573387056183,0.0,0.0,0.0,-0.4352992279217317,-0.7400734920464007,0.10454841956486338,-0.13164874375170219,-0.4117882500110253,-0.6669374718609833,-0.7225261598111561,-0.7284003912860656,-0.3299846428599375,-0.16012815380508716,-0.4445276036638913,-0.3144854510165755,-0.47643873166512696,0.9137080416200247,-0.14285714285714288,-0.2847473987257497,-0.4445276036638914,-1.200139403050605,-0.7811518560663556,-0.5997201052729793,-0.6394252708446829,0.0,0.0,0.0,0.0,0.0,0.0,-0.29305180342710546,-0.2565561339156427,-0.7261529292224864,-0.28448411999247825,-0.31658923857896726,-0.5474374282598455,-0.5023932788459589,1.2746617443844204,-0.08372342095301777,-0.07376490539589507,-0.07956147994724865,-0.12704828537683235,-0.2620717643129237,-0.11839287202604867,-0.2635246497447018,-0.26009617986738126,0.7593476176226064,-0.8010192021524585,-0.4422353331712664,0.347831557786942,0.4957620337827463,1.9868948957365766,1.2270899650372262,2.9027178836387897
-1.6035340985834408,1.9899786683881955,-0.4087782201290008,-0.32272012269820655,0.05686079767988617,-0.05066183227133628,0.32288511446564144,-0.15569570833655358,1.2482050512586282,-0.4117882500110253,1.3284930693764494,1.5490195500084287,0.07859939460798428,-0.3760039791486757,0.15045678905722293,0.41240715481857493,4.458559152573083,-0.0908127304004613,-0.18406162811335647,-0.3335021042051299,-0.3258272815862227,-0.14853914906258403,-0.29721905586289826,-0.20086554136738854,-0.2402089505369197,-0.27965665868827183,-0.14865665650392554,-0.257251935629963,-0.34941152157219985,-0.2941811738477081,-0.2603410463519533,-0.2634662729103183,-0.22941573387056183,0.0,0.0,0.0,0.17813057836363538,-0.06179839750285629,-0.06294227703531613,-0.08406954634594076,-0.4117882500110253,0.8437620198537786,0.8256693414057449,1.1198706749819574,0.40651523004230244,-0.16012815380508716,2.249579085208177,-0.3144854510165755,-0.47643873166512696,-1.0944415004020078,-0.14285714285714288,3.5118845842842465,2.2495790852081776,-1.200139403050605,0.8930277127710063,1.3284930693764494,0.15045678905722293,0.0,0.0,0.0,0.0,0.0,0.0,0.05686079767988617,0.32288511446564144,-0.05066183227133628,-0.15569570833655358,-0.36809072544012517,1.3181064947687555,-0.08890086827315324,-0.915478709884343,-0.08372342095301777,-0.07376490539589507,-0.07956147994724865,-0.12704828537683235,-0.2620717643129237,-0.11839287202604867,-0.2635246497447018,-0.26009617986738126,0.7593476176226064,-0.8010192021524585,-0.3761190434054258,-0.6211516483438286,-1.8465429443522559,1.5599882037251367,-1.1234006026524355,-0.07683729740272072
0.6503128171095338,-0.5717936757756602,-0.4087782201290008,-0.32217751678424333,-0.4680081039806013,-0.5009892302387697,-0.2565561339156427,-0.28448411999247825,-0.5100023847738482,-0.4117882500110253,-0.5997201052729793,-0.5470253644136008,-0.6374381250847041,-0.3760039791486757,-0.6394252708446829,-0.6393262976372862,-0.3499453845224995,-0.1329257746973339,-0.18232312954686114,-0.333589612243277,-0.3247044849999186,-0.1467817614451499,-0.2972608967733543,-0.20090716208239723,-0.24033273795833937,-0.2797223842391659,-0.1486598708475823,-0.25728934112964524,-0.3496832464118788,-0.29423755816416164,-0.26040238606199867,-0.27075322872372104,-0.22941573387056183,0.0,0.0,0.0,-0.5296730442733266,-0.4386178944714921,-0.0890138762023026,-0.13050286519374021,-0.4117882500110253,-0.6669374718609833,-0.7225261598111561,-0.7284003912860656,-0.3299846428599375,-0.16012815380508716,-0.4445276036638913,-0.3144854510165755,-0.47643873166512696,0.9137080416200247,-0.14285714285714288,-0.2847473987257497,-0.4445276036638914,0.551888922570716,-0.7811518560663556,-0.5997201052729793,-0.6394252708446829,0.0,0.0,0.0,0.0,0.0,0.0,-0.4680081039806013,-0.2565561339156427,-0.5009892302387697,-0.28448411999247825,-0.36809072544012517,-0.5345712154793376,-0.5023932788459589,-0.915478709884343,-0.08372342095301777,-0.07376490539589507,-0.07956147994724865,-0.12704828537683235,-0.2620717643129237,-0.11839287202604867,-0.2635246497447018,-0.26009617986738126,-1.3616197010294544,1.3243298911318855,1.6734859393356336,-0.754804504361866,0.5422978942754947,-0.6575548908898429,-0.26056229299420525,-0.45845520236370235
-1.6068331755632672,-0.5754559664749652,-1.9227716280141889,4.138131965979048,10.37928253033614,-0.7261529292224864,-0.2565561339156427,-0.28448411999247825,-0.5100023847738482,-0.4117882500110253,-0.5997201052729793,-0.5470253644136008,-0.6374381250847041,-0.3760039791486757,-0.6394252708446829,-0.6393262976372862,-0.3499453845224995,-0.1338097762281998,0.03239433879480131,0.5867517975985005,0.7626148710812505,-0.08344164026957054,4.1447070767935585,0.012895642964666089,0.4107358093924522,0.803010737207669,-0.08356072116524209,-0.25728934112964524,-0.3496832464118788,-0.29423755816416164,-0.26040238606199867,-0.27075322872372104,-0.22941573387056183,0.0,0.0,0.0,-0.9071683096797064,-0.7400734920464007,-0.08948950106779793,-0.13164874375170219,-0.4117882500110253,-0.6669374718609833,-0.7225261598111561,-0.7284003912860656,-0.3299846428599375,-0.16012815380508716,-0.4445276036638913,-0.3144854510165755,-0.47643873166512696,-1.0944415004020078,-0.14285714285714288,-0.2847473987257497,-0.4445276036638914,-1.200139403050605,-0.7811518560663556,-0.5997201052729793,-0.6394252708446829,0.0,0.0,0.0,0.0,0.0,0.0,10.37928253033614,-0.2565561339156427,-0.7261529292224864,-0.28448411999247825,-0.36809072544012517,-0.5474374282598455,-0.5023932788459589,-0.915478709884343,14.041450445651705,14.104114818388021,14.085915069020587,11.063853735117945,0.5839023932776368,12.191899815358523,0.8630600767799029,0.36118586712873946,-1.4993448515912766,-1.083645411365802,-1.5166250418661764,-1.0722300374047047,-2.001662479328084,-1.0251689867885827,-1.197783215554007,-0.7666850486783414
0.777657188530837,-0.4203121767256566,-0.4087782201290008,-0.1814895180027716,1.106598601000861,1.0751566626472473,0.45240727586851676,0.3634085030618667,0.7630526250592925,-0.4117882500110253,0.3439701072613294,0.3940513033685802,1.9389790853432822,-0.3760039791486757,0.8506896581113662,1.610028263944945,-0.3467699577023172,-0.13378036813117192,-0.1590798451605728,-0.2238685298202181,-0.2506243824223691,-0.14853950620679565,-0.1565874179310616,-0.1542627757760055,-0.1350589689221247,-0.18832146491521778,-0.14865951369828712,-0.1045288151575764,-0.032626512725650744,-0.17921263607508534,-0.14296745490522858,3.6204561345480517,-0.22941573387056183,0.0,0.0,0.0,1.7352985481649519,0.8802503449187332,-0.08947360774857854,-0.13161079270327197,-0.4117882500110253,1.2283037086539,0.7166578713713984,0.9153531222291983,0.2525405799873974,-0.16012815380508716,-0.4445276036638913,-0.3144854510165755,2.098905763822046,-1.0944415004020078,-0.14285714285714288,-0.2847473987257497,-0.4445276036638914,-1.200139403050605,0.6562616357612288,0.3439701072613294,0.8506896581113662,0.0,0.0,0.0,0.0,0.0,0.0,1.106598601000861,0.45240727586851676,1.0751566626472473,0.3634085030618667,1.1442808941063516,3.0310206989277035,1.5650687740180693,1.2746617443844204,-0.08372342095301777,-0.07376490539589507,-0.07956147994724865,-0.12704828537683235,-0.2620717643129237,-0.11839287202604867,-0.2635246497447018,-0.26009617986738126,0.8419827079596996,0.3860108765435847,-1.4835668969832563,3.1378349271634716,0.5422978942754947,-0.6575548908898429,-0.29031533815483385,-0.561198484468582
0.662230732699157,-0.5551760317275637,-0.4087782201290008,4.239213693379237,2.856161606535819,4.002284749435564,-0.03159659042643827,1.3929256833543195,-0.14331741148365257,-0.4117882500110253,-0.4500000234766707,-0.3210056806265726,2.5693556747659865,-0.3760039791486757,0.8302676416634196,1.8860072984285787,-0.3497825879246812,-0.13381110928344336,0.15905994131929335,1.5284463284059322,0.47804210391227986,-0.1485398633510073,4.24535994167905,0.5125740692448155,1.2012681264199492,0.5223380565180071,-0.14865808510110634,4.746426140792494,3.285166705264976,1.3305418017300938,0.8891683838456246,-0.27075322872372104,-0.22941573387056183,0.0,0.0,0.0,3.953083232427433,4.573081415211364,-0.08949223268575063,-0.1316456587257292,-0.4117882500110253,1.6920157451481637,0.35532332700712027,1.1023586044867328,0.3926249123189508,-0.16012815380508716,-0.4445276036638913,3.1797973380564857,2.098905763822046,-1.0944415004020078,-0.14285714285714288,-0.2847473987257497,2.2495790852081776,0.551888922570716,0.2635872288526947,-0.4500000234766707,0.8302676416634196,0.0,0.0,0.0,0.0,0.0,0.0,2.856161606535819,-0.03159659042643827,4.002284749435564,1.3929256833543195,1.1442808941063516,-0.4675075046145663,5.28650046917332,1.2746617443844204,-0.06712458124289786,-0.05744783197497425,-0.038158798424906604,-0.057539263456966735,0.566879125963995,0.14906203323518025,0.5685265910896385,0.5572712503556326,0.7593476176226064,-0.8010192021524585,-0.4422353331712664,-0.40396575731451795,-1.768983176864342,-0.8710082368955628,1.0039421263325115,1.6257656631924282
0.44898664441562114,-0.5730296988866757,2.3668763609938437,-0.3227191722170785,-0.4680081039806013,-0.5009892302387697,-0.23486581980511334,-0.2501142064524002,-0.44418713315765923,2.047697884867112,-0.3110036940955247,-0.5470253644136008,-0.44634835755935476,1.484766566126341,-0.007035032702359637,-0.6393262976372862,0.10503685398714384,-0.12179779223208817,-0.18395281928496945,-0.333589612243277,-0.3257841790806949,-0.1484099819060391,-0.2972608967733543,-0.20090716208239723,-0.24033273795833937,-0.2797223842391659,-0.1486598708475823,-0.25728934112964524,-0.3496832464118788,-0.29423755816416164,-0.26040238606199867,-0.27075322872372104,-0.22941573387056183,0.0,0.0,0.0,-0.8127944933281115,-0.6647095926526736,-0.08300168539590723,-0.11613789632367058,2.047697884867112,-0.5263697116693423,-0.20850724637514562,-0.5623547882454731,-0.32404040600615636,-0.16012815380508716,-0.4445276036638913,-0.3144854510165755,-0.47643873166512696,-1.0944415004020078,-0.14285714285714288,-0.2847473987257497,-0.4445276036638914,0.551888922570716,-0.051602551485760484,-0.3110036940955247,-0.007035032702359637,0.0,0.0,0.0,0.0,0.0,0.0,-0.4680081039806013,-0.23486581980511334,-0.5009892302387697,-0.2501142064524002,-0.36809072544012517,-0.5474374282598455,-0.5023932788459589,-0.03942252817683768,-0.08372342095301777,-0.07376490539589507,-0.07956147994724865,-0.12704828537683235,-0.2620717643129237,-0.11839287202604867,-0.2635246497447018,-0.26009617986738126,0.7593476176226064,-0.8010192021524585,-0.4422353331712664,-0.8049243253686299,0.5422978942754947,-0.6575548908898429,-1.2870423510358928,-0.7960402721368784
0.6608286249827308,-0.5551760317275637,-0.4087782201290008,1.3394209580496885,2.5062490054288276,4.677775846386714,0.2695889140797693,8.368832962557747,0.05976965064630193,-0.4117882500110253,-0.2106403702100284,-0.1516995236123224,2.5034626514813834,-0.3760039791486757,5.994614851889725,2.901750904725301,-0.34773965954076186,-0.1338068831258898,-0.06210611358910582,2.2790842497576427,2.899696775542387,-0.14853974430293676,1.3578702450545272,0.08963766932963664,2.637206736907008,2.9394999431972555,-0.14863320370020766,-0.21187664837067952,-0.3209970284140703,-0.2584850990907533,-0.20042216658112974,-0.27072818763845163,-0.22941573387056183,0.0,0.0,0.0,3.4812141506694583,3.8948063206678194,-0.08949042489600846,-0.13163906710577342,-0.4117882500110253,1.6435441037027703,4.474691587519409,2.827391573896429,2.395941187259974,-0.16012815380508716,-0.4445276036638913,3.1797973380564857,2.098905763822046,-1.0944415004020078,-0.14285714285714288,-0.2847473987257497,2.2495790852081776,0.551888922570716,4.253557069357447,-0.21064037021002863,5.994614851889725,0.0,0.0,0.0,0.0,0.0,0.0,2.5062490054288276,0.2695889140797693,4.677775846386714,8.368832962557747,1.1442808941063516,-0.5371330720064299,1.978561184590875,1.2746617443844204,0.30060799930789217,-0.07376490539589507,0.12538611964639268,2.423514516010701,3.0853377301293845,-0.11839287202604867,3.074944892001113,3.0954464287407824,0.7593476176226064,-0.8010192021524585,-0.4091771882883461,0.8323231608523274,1.116240173686058,-0.01719485287268303,1.7180152101875985,1.200114923043641
-0.0045539633860280275,-0.5717936757756602,-0.4087782201290008,-0.322524363189213,-0.4680081039806013,-0.5009892302387697,-0.2565561339156427,-0.28448411999247825,-0.5100023847738482,-0.4117882500110253,-0.5997201052729793,-0.5470253644136008,-0.6374381250847041,-0.3760039791486757,-0.6394252708446829,-0.6393262976372862,-0.3499453845224995,-0.13163223189079545,-0.18336669339319825,-0.333589612243277,-0.32539586181935554,-0.14782438444701199,-0.2972608967733543,-0.20090716208239723,-0.24033273795833937,-0.2797223842391659,-0.1486598708475823,-0.25728934112964524,-0.3496832464118788,-0.29423755816416164,-0.26040238606199867,-0.27075322872372104,-0.22941573387056183,0.0,0.0,0.0,-0.5296730442733266,-0.4386178944714921,-0.08831500502835546,-0.12883304748814436,-0.4117882500110253,-0.6669374718609833,-0.7225261598111561,-0.7284003912860656,-0.3299846428599375,-0.16012815380508716,-0.4445276036638913,-0.3144854510165755,-0.47643873166512696,0.9137080416200247,-0.14285714285714288,-0.2847473987257497,-0.4445276036638914,0.551888922570716,-0.7811518560663556,-0.5997201052729793,-0.6394252708446829,0.0,0.0,0.0,0.0,0.0,0.0,-0.4680081039806013,-0.2565561339156427,-0.5009892302387697,-0.28448411999247825,-0.36809072544012517,-0.5345712154793376,-0.5023932788459589,-0.915478709884343,-0.08372342095301777,-0.07376490539589507,-0.07956147994724865,-0.12704828537683235,-0.2620717643129237,-0.11839287202604867,-0.2635246497447018,-0.26009617986738126,-1.3616197010294544,1.3243298911318855,1.6734859393356336,-0.754804504361866,0.5422978942754947,-0.6575548908898429,-0.26056229299420525,-0.45845520236370235
-1.6035340985834408,1.2867272968541505,-0.4087782201290008,-0.16136909983058012,0.05686079767988617,0.1745018667123804,0.32288511446564144,-0.16122649902116384,1.2482050512586282,-0.4117882500110253,1.3284930693764494,1.5490195500084287,0.047849317075169435,-0.3760039791486757,-0.07245471251018618,0.23238628213279636,-0.34870037513493835,-0.1338005751868178,-0.11471321089341996,0.28574716505307324,-0.00928721752904804,-0.14853914906258403,-0.2947005564233435,-0.1983602959919744,-0.232783601812003,-0.27575152443317996,-0.14865498980721462,-0.0755923053968069,0.5302514926694244,0.42807786492823535,0.19095759788703678,-0.13638276516798603,-0.22941573387056183,0.0,0.0,0.0,0.6971865682974075,0.541112797646961,-0.08948651061529984,-0.13163213384942013,-0.4117882500110253,0.8437620198537786,0.6383689252306805,1.0192559618740789,0.32851178983792395,-0.16012815380508716,-0.4445276036638913,-0.3144854510165755,-0.47643873166512696,0.9137080416200247,-0.14285714285714288,-0.2847473987257497,-0.4445276036638914,0.551888922570716,0.6674914286661318,1.3284930693764494,-0.07245471251018618,0.0,0.0,0.0,0.0,0.0,0.0,0.05686079767988617,0.32288511446564144,0.1745018667123804,-0.16122649902116384,-0.36809072544012517,-0.5353682375099885,-0.08890086827315324,-0.915478709884343,-0.08372342095301777,-0.07376490539589507,-0.07956147994724865,-0.12704828537683235,-0.2620717643129237,-0.11839287202604867,-0.2635246497447018,-0.26009617986738126,0.7593476176226064,-0.8010192021524585,-0.3761190434054258,-0.6712714693505926,-1.8465429443522559,1.5718467229476767,1.5841265069647696,-0.531843261010045
0.4622654292594228,-0.5717936757756602,-0.4087782201290008,-0.3219295996233492,-0.4680081039806013,-0.5009892302387697,-0.2565561339156427,-0.28448411999247825,-0.5100023847738482,-0.4117882500110253,-0.5997201052729793,-0.5470253644136008,-0.6374381250847041,-0.3760039791486757,-0.6394252708446829,-0.6393262976372862,-0.3499453845224995,-0.1331900318195554,-0.18157721613306002,-0.333589612243277,-0.3242103060903873,-0.1460365205235175,-0.2972608967733543,-0.20090716208239723,-0.24033273795833937,-0.2797223842391659,-0.1486598708475823,-0.25728934112964524,-0.3496832464118788,-0.29423755816416164,-0.26040238606199867,-0.27075322872372104,-0.22941573387056183,0.0,0.0,0.0,-0.671233768800719,-0.5516637435620828,-0.08915664819585187,-0.13084399130049512,-0.4117882500110253,-0.6669374718609833,-0.7225261598111561,-0.7284003912860656,-0.3299846428599375,-0.16012815380508716,-0.4445276036638913,-0.3144854510165755,-0.47643873166512696,0.9137080416200247,-0.14285714285714288,-0.2847473987257497,-0.4445276036638914,0.551888922570716,-0.7811518560663556,-0.5997201052729793,-0.6394252708446829,0.0,0.0,0.0,0.0,0.0,0.0,-0.4680081039806013,-0.2565561339156427,-0.5009892302387697,-0.28448411999247825,-0.36809072544012517,1.3163985904173607,-0.5023932788459589,-0.915478709884343,-0.08372342095301777,-0.07376490539589507,-0.07956147994724865,-0.12704828537683235,-0.2620717643129237,-0.11839287202604867,-0.2635246497447018,-0.26009617986738126,-1.3616197010294544,1.3243298911318855,-1.367863389893035,-1.0722300374047047,0.5422978942754947,-0.6575548908898429,-0.26056229299420525,-0.4144223671758968
0.6211572243003171,-0.5730296988866757,2.3668763609938437,-0.32272574637821405,-0.4680081039806013,-0.5009892302387697,-0.23610526632571502,-0.24221307690295696,-0.4479480046785843,1.9071558200169327,-0.32750177473423636,-0.5470253644136008,-0.4024196753696193,1.912529909867724,0.1383420335372549,-0.6393262976372862,0.2658630967354793,-0.11964147017807679,-0.1839725990975399,-0.333589612243277,-0.32579728350545245,-0.14842974388575012,-0.2972608967733543,-0.20090716208239723,-0.24033273795833937,-0.2797223842391659,-0.1486598708475823,-0.25728934112964524,-0.3496832464118788,-0.29423755816416164,-0.26040238606199867,-0.27075322872372104,-0.22941573387056183,0.0,0.0,0.0,-0.8127944933281115,-0.6647095926526736,-0.08183667460718214,-0.11335432802847788,1.9071558200169327,-0.49405528403908006,-0.15612315328612536,-0.4921047254206072,-0.3179466839060523,-0.16012815380508716,-0.4445276036638913,-0.3144854510165755,-0.47643873166512696,-1.0944415004020078,-0.14285714285714288,-0.2847473987257497,-0.4445276036638914,0.551888922570716,0.022746422229459398,-0.32750177473423636,0.1383420335372549,0.0,0.0,0.0,0.0,0.0,0.0,-0.4680081039806013,-0.23610526632571502,-0.5009892302387697,-0.24221307690295696,-0.36809072544012517,-0.5474374282598455,-0.5023932788459589,-0.03942252817683768,-0.08372342095301777,-0.07376490539589507,-0.07956147994724865,-0.12704828537683235,-0.2620717643129237,-0.11839287202604867,-0.2635246497447018,-0.26009617986738126,0.7593476176226064,-0.8010192021524585,-0.4257062607298062,0.18076548776439538,0.5422978942754947,-0.6575548908898429,-1.2870423510358928,-0.7960402721368784
0.981086522799389,-0.5717936757756602,-0.4087782201290008,-0.3220404494849055,-0.29305180342710546,0.3996655656960971,-0.0464699486736584,0.08489368644399278,0.12746533802295343,-0.4117882500110253,0.7984922288578364,0.527715271161874,1.41622776728543,-0.3760039791486757,0.7198502984957131,1.697225019246199,-0.06558706036928001,-0.13129647698284655,-0.1837208036722581,-0.3317193135070048,-0.3251459304411485,-0.14853914906258403,-0.29689903796624306,-0.19982729870562158,-0.24033273795833937,-0.2790018374589941,-0.1475674702033425,-0.25647371331420543,-0.3467207630969813,-0.29258703455091717,-0.2593303480102888,-0.2706029822121045,-0.22941573387056183,0.0,0.0,0.0,-0.4352992279217317,0.42806694855637023,-0.08871640070032125,-0.12700714669646535,-0.4117882500110253,0.8437620198537786,0.8416301197688058,1.1252129592937214,0.41077897479791226,-0.16012815380508716,2.249579085208177,-0.3144854510165755,-0.47643873166512696,-1.0944415004020078,-0.14285714285714288,3.5118845842842465,2.2495790852081776,2.303917248192037,0.9102872959548968,0.7984922288578364,0.7198502984957131,0.0,0.0,0.0,0.0,0.0,0.0,-0.29305180342710546,-0.0464699486736584,0.3996655656960971,0.08489368644399278,-0.36809072544012517,-0.5349127963496166,-0.08890086827315324,-0.915478709884343,-0.08372342095301777,-0.07376490539589507,-0.07956147994724865,-0.12704828537683235,-0.2620717643129237,-0.11839287202604867,-0.2635246497447018,-0.26009617986738126,-1.3616197010294544,1.3243298911318855,-0.9876947237394516,-0.37055254331000864,0.5422978942754947,-0.6575548908898429,-0.26056229299420525,-0.4144223671758968
-1.6035340985834408,1.8780956875244272,-0.4087782201290008,-0.14262303776613744,0.05686079767988617,0.1745018667123804,0.32288511446564144,-0.15688087776897006,1.2482050512586282,-0.4117882500110253,1.3284930693764494,1.5490195500084287,0.07201009227952394,-0.3760039791486757,-0.05246536590223918,0.26311973847084413,-0.34882009651815177,-0.13380191418596388,-0.10665583104732927,0.3330268049357842,0.016577917134258095,-0.14853903001451346,-0.2889549042351898,-0.19264488134981164,-0.21992668114335542,-0.2686629805804242,-0.14865737080251593,-0.0568929113122332,0.6208101877434687,0.4795371989376022,0.22783413116688273,-0.173493653537274,-0.22941573387056183,0.0,0.0,0.0,0.6971865682974075,0.541112797646961,-0.08948723404547967,-0.1316338623461275,-0.4117882500110253,0.8437620198537786,0.6503736132302477,1.0235425940783733,0.3317460570239911,-0.16012815380508716,-0.4445276036638913,-0.3144854510165755,-0.47643873166512696,0.9137080416200247,-0.14285714285714288,-0.2847473987257497,-0.4445276036638914,0.551888922570716,0.6802701585234352,1.3284930693764494,-0.05246536590223918,0.0,0.0,0.0,0.0,0.0,0.0,0.05686079767988617,0.32288511446564144,0.1745018667123804,-0.15688087776897006,-0.36809072544012517,-0.5353682375099885,-0.08890086827315324,-0.915478709884343,-0.08372342095301777,-0.07376490539589507,-0.07956147994724865,-0.12704828537683235,-0.2620717643129237,-0.11839287202604867,-0.2635246497447018,-0.26009617986738126,0.7593476176226064,-0.8010192021524585,-0.3761190434054258,-0.6712714693505926,-1.8465429443522559,1.5718467229476767,1.5841265069647696,-0.531843261010045
0.6299410167591051,-0.5717936757756602,-0.4087782201290008,-0.3221147454264131,-0.29305180342710546,0.3996655656960971,-0.07807583494900117,0.08489368644399278,0.03156311423936381,-0.4117882500110253,0.5881417007142624,0.36602862687175824,1.41622776728543,-0.3760039791486757,0.7198502984957131,1.697225019246199,-0.045654891893309554,-0.13100773321674053,-0.18375805962444902,-0.33099724355971305,-0.3246358051834182,-0.14853926811065457,-0.296644206709535,-0.1990668282238513,-0.24033273795833937,-0.2784944079370379,-0.14679817062149006,-0.25655765197138714,-0.34702564096733884,-0.29176029883777993,-0.2586103661292612,-0.2706280232973739,-0.22941573387056183,0.0,0.0,0.0,-0.4352992279217317,0.42806694855637023,-0.08862725695217319,-0.12647466726910495,-0.4117882500110253,0.8437620198537786,0.7790147584983362,1.106186184016006,0.3956495997113654,-0.16012815380508716,2.249579085208177,-0.3144854510165755,-0.47643873166512696,-1.0944415004020078,-0.14285714285714288,3.5118845842842465,2.2495790852081776,2.303917248192037,0.8425766234642501,0.5881417007142624,0.7198502984957131,0.0,0.0,0.0,0.0,0.0,0.0,-0.29305180342710546,-0.07807583494900117,0.3996655656960971,0.08489368644399278,-0.36809072544012517,-0.5349127963496166,-0.08890086827315324,-0.915478709884343,-0.08372342095301777,-0.07376490539589507,-0.07956147994724865,-0.12704828537683235,-0.2620717643129237,-0.11839287202604867,-0.2635246497447018,-0.26009617986738126,-1.3616197010294544,1.3243298911318855,-0.9876947237394516,-0.37055254331000864,0.5422978942754947,-0.6575548908898429,-0.26056229299420525,-0.4144223671758968
0.5332780612501884,-0.5551760317275637,-0.4087782201290008,3.2508520112675856,1.106598601000861,2.876466254516981,0.32970207032895066,0.8279949205691286,-0.002284729448961941,-0.4117882500110253,0.18063910893808363,0.001029429924165826,1.102137689628821,-0.3760039791486757,0.6398929120639251,0.8554443977998899,-0.34977575449891757,-0.13381155363204533,0.24599743955607387,4.764400677264939,3.2231247147136872,-0.1485398633510073,3.2588826717235952,0.9782357420034646,5.5097050506193135,3.255132570525969,-0.14865558505603996,3.7793189377447045,3.5600688728988716,4.671434771649622,4.8015396833063635,-0.27075322872372104,4.358898943540674,0.0,0.0,0.0,1.452177099110167,2.274482483702686,-0.0894926774838363,-0.1316457431743469,-0.4117882500110253,0.6127138622974033,0.744228446681409,0.4909395319878311,-0.009438220860257737,-0.16012815380508716,2.249579085208177,-0.3144854510165755,-0.47643873166512696,0.9137080416200247,-0.14285714285714288,-0.2847473987257497,-0.4445276036638914,0.551888922570716,0.6600744036440608,0.18063910893808363,0.6398929120639251,0.0,0.0,0.0,0.0,0.0,0.0,1.106598601000861,0.32970207032895066,2.876466254516981,0.8279949205691286,-0.32101947400788405,-0.5287643406845951,1.5650687740180693,1.2746617443844204,-0.04686580157035823,-0.0728735573800857,-0.05948986196422357,0.11236249563134532,3.4208892629879397,-0.11212156590409941,3.409693572422733,3.4317194576261514,0.7593476176226064,-0.8010192021524585,-0.4257062607298062,0.3645381647891967,-0.10920415262298276,1.4769785691673565,-0.721734492983949,1.3028582051485207
0.5602480155602702,-0.5717936757756602,-0.4087782201290008,-0.32265644046262865,-0.4680081039806013,-0.5009892302387697,-0.2565561339156427,-0.28448411999247825,-0.5100023847738482,-0.4117882500110253,-0.5997201052729793,-0.5470253644136008,-0.6374381250847041,-0.3760039791486757,-0.6394252708446829,-0.6393262976372862,-0.3499453845224995,-0.1289128537646577,-0.18376407697706834,-0.333589612243277,-0.3256591344492736,-0.1482214097622906,-0.2972608967733543,-0.20090716208239723,-0.24033273795833937,-0.2797223842391659,-0.1486598708475823,-0.25728934112964524,-0.3496832464118788,-0.29423755816416164,-0.26040238606199867,-0.27075322872372104,-0.22941573387056183,0.0,0.0,0.0,-0.5296730442733266,-0.4386178944714921,-0.08684578810425088,-0.12532263738011995,-0.4117882500110253,-0.6669374718609833,-0.7225261598111561,-0.7284003912860656,-0.3299846428599375,-0.16012815380508716,-0.4445276036638913,-0.3144854510165755,-0.47643873166512696,0.9137080416200247,-0.14285714285714288,-0.2847473987257497,-0.4445276036638914,0.551888922570716,-0.7811518560663556,-0.5997201052729793,-0.6394252708446829,0.0,0.0,0.0,0.0,0.0,0.0,-0.4680081039806013,-0.2565561339156427,-0.5009892302387697,-0.28448411999247825,-0.36809072544012517,-0.5345712154793376,-0.5023932788459589,-0.915478709884343,-0.08372342095301777,-0.07376490539589507,-0.07956147994724865,-0.12704828537683235,-0.2620717643129237,-0.11839287202604867,-0.2635246497447018,-0.26009617986738126,-1.3616197010294544,1.3243298911318855,1.6734859393356336,-0.754804504361866,0.5422978942754947,-0.6575548908898429,-0.26056229299420525,-0.45845520236370235
-1.5885645367874779,1.7663958211956245,-0.4087782201290008,-0.3226967963071895,-0.11809550287360965,-0.7261529292224864,-0.2565561339156427,-0.28448411999247825,-0.5100023847738482,-0.4117882500110253,-0.5997201052729793,-0.5470253644136008,-0.6374381250847041,-0.3760039791486757,-0.6394252708446829,-0.6393262976372862,-0.3499453845224995,-0.12193928086433176,-0.1839841571807889,-0.333110467006938,-0.3257396556134464,-0.14853974430293676,-0.29719559182734556,-0.2008097201822261,-0.23999378070871732,-0.2795924251152356,-0.14865975179781724,-0.25728934112964524,-0.3496832464118788,-0.29423755816416164,-0.26040238606199867,-0.27075322872372104,-0.22941573387056183,0.0,0.0,0.0,-0.19936468704274438,-0.7400734920464007,-0.07666279446273312,-0.13164874375170219,-0.4117882500110253,-0.6669374718609833,-0.7225261598111561,-0.7284003912860656,-0.3299846428599375,-0.16012815380508716,-0.4445276036638913,-0.3144854510165755,-0.47643873166512696,0.9137080416200247,-0.14285714285714288,-0.2847473987257497,-0.4445276036638914,-1.200139403050605,-0.7811518560663556,-0.5997201052729793,-0.6394252708446829,0.0,0.0,0.0,0.0,0.0,0.0,-0.11809550287360965,-0.2565561339156427,-0.7261529292224864,-0.28448411999247825,-0.33154128315156145,-0.5474374282598455,-0.5023932788459589,1.2746617443844204,-0.08372342095301777,-0.07376490539589507,-0.07956147994724865,-0.12704828537683235,-0.2620717643129237,-0.11839287202604867,-0.2635246497447018,-0.26009617986738126,-0.5903588578832505,0.2616553444897135,-1.053811013505292,1.3669345849244767,0.5422978942754947,-0.6575548908898429,-0.30519186073514815,0.8038194063533908
0.44708967515222087,-0.4203121767256566,-0.4087782201290008,-0.25542586081689095,0.7566859998938694,1.0751566626472473,0.4548861689097201,0.34010017089100913,0.7630526250592925,-0.4117882500110253,0.5840171805545845,0.47579820490886915,1.9389790853432822,-0.3760039791486757,0.7970818649355084,1.6300416458292397,-0.343414913664847,-0.1337517623399285,-0.1705763675395636,-0.2374561453264429,-0.2518595139269261,-0.1485398633510073,-0.23021006877807323,-0.1723223217635986,-0.12535433692450818,-0.1903975913669355,-0.1486598708475823,-0.1873100495333149,-0.2044401904717244,-0.19411933185704872,-0.15488345329354136,-0.1977584651633469,-0.22941573387056183,0.0,0.0,0.0,1.1218687418795847,0.8802503449187332,-0.08946013816636597,-0.13156912197568527,-0.4117882500110253,1.2283037086539,0.8541965244528449,0.9974399902111776,0.31217439510958955,-0.16012815380508716,-0.4445276036638913,3.1797973380564857,2.098905763822046,-1.0944415004020078,-0.14285714285714288,-0.2847473987257497,2.2495790852081776,0.551888922570716,0.8039914975964183,0.5840171805545845,0.7970818649355084,0.0,0.0,0.0,0.0,0.0,0.0,0.7566859998938694,0.4548861689097201,1.0751566626472473,0.34010017089100913,1.1442808941063516,3.0307929783475176,1.5650687740180693,1.2746617443844204,-0.08372342095301777,-0.07376490539589507,-0.07956147994724865,-0.12704828537683235,-0.2620717643129237,-0.11839287202604867,-0.2635246497447018,-0.26009617986738126,-0.9759892794563524,1.7200065840305665,1.8057185188673148,0.548310841813998,0.5422978942754947,-0.6575548908898429,-0.29031533815483385,0.24607016064118684
0.5133598839844858,-0.5551760317275637,-0.4087782201290008,4.359381081830237,1.98138010376834,2.4261388565495476,0.28942005840939616,1.1069047936644745,-0.07186085258607598,-0.4117882500110253,-0.11522647051614601,-0.18531640597309132,2.5034626514813834,-0.3760039791486757,1.1892105409264686,1.9129250222919314,-0.3497938555812884,-0.13381183444836878,0.31903362636615246,5.926771387256442,4.293439106114003,-0.14853962525486622,4.365017492301579,0.7928947584760783,5.890075234811491,4.315176477962734,-0.14865153736402772,5.024161170551615,5.552786076795875,6.591196384257323,6.35357503486187,-0.2707031465531822,-0.22941573387056183,0.0,0.0,0.0,2.773410528032496,2.0107088358246408,-0.08949256377976766,-0.13164673985259215,-0.4117882500110253,1.6435441037027703,0.719018601882318,1.078337605993667,0.37378690135274767,-0.16012815380508716,-0.4445276036638913,3.1797973380564857,2.098905763822046,-1.0944415004020078,-0.14285714285714288,-0.2847473987257497,2.2495790852081776,-1.200139403050605,0.6298762959513734,-0.11522647051614601,1.1892105409264686,0.0,0.0,0.0,0.0,0.0,0.0,1.98138010376834,0.28942005840939616,2.4261388565495476,1.1069047936644745,1.1442808941063516,-0.5371330720064299,2.8055460057364865,1.2746617443844204,0.15651662514434375,0.10156705444910882,0.1305773893042297,0.4464241039182355,4.516148740072329,0.9258564784393664,4.5174714937598335,4.514117517006493,0.7593476176226064,-0.8010192021524585,-0.4257062607298062,-0.45408557832128194,1.116240173686058,-0.01719485287268303,1.7180152101875985,1.4789895458997429
-1.6035340985834408,1.6672393005119412,-0.4087782201290008,-0.15075903741191993,0.05686079767988617,0.1745018667123804,0.32288511446564144,-0.16636223322830193,1.2482050512586282,-0.4117882500110253,1.3284930693764494,1.5490195500084287,0.01929567365184137,-0.3760039791486757,-0.09607848577412355,0.19606492464237624,-0.34878935242166925,-0.13380136889320324,-0.11015282360759998,0.33107891038353154,0.013554268477250374,-0.14853926811065457,-0.2955460109749628,-0.1992013011843129,-0.235871070719832,-0.27731378230060777,-0.1486567755536906,-0.06353556428870002,0.5886406969750589,0.4823019602122947,0.22352324387485212,-0.1260908791222523,-0.22941573387056183,0.0,0.0,0.0,0.6971865682974075,0.541112797646961,-0.08948693943644946,-0.1316331584347441,-0.4117882500110253,0.8437620198537786,0.6241815666857377,1.0144805907311472,0.3249180985669483,-0.16012815380508716,-0.4445276036638913,-0.3144854510165755,-0.47643873166512696,0.9137080416200247,-0.14285714285714288,-0.2847473987257497,-0.4445276036638914,0.551888922570716,0.6523892933802278,1.3284930693764494,-0.09607848577412355,0.0,0.0,0.0,0.0,0.0,0.0,0.05686079767988617,0.32288511446564144,0.1745018667123804,-0.16636223322830193,-0.36809072544012517,-0.5353682375099885,-0.08890086827315324,-0.915478709884343,-0.08372342095301777,-0.07376490539589507,-0.07956147994724865,-0.12704828537683235,-0.2620717643129237,-0.11839287202604867,-0.2635246497447018,-0.26009617986738126,0.7593476176226064,-0.8010192021524585,-0.3761190434054258,-0.6712714693505926,-1.8465429443522559,1.5718467229476767,1.5841265069647696,-0.531843261010045
0.6540242787118385,-0.5551760317275637,-0.4087782201290008,4.339352028656477,1.98138010376834,3.1016299535006975,0.34147681227466664,1.9456096953378736,0.09549793009509022,-0.4117882500110253,-0.06903184472775327,-0.11801543513450279,2.5034626514813834,-0.3760039791486757,1.7742616083395053,2.2785939234077652,-0.3497169245331607,-0.1338116605041486,0.2684010085173395,5.628347388955043,4.2846349851772,-0.1485398633510073,4.345073417000004,0.788643519342672,5.891798675608976,4.306418882037992,-0.14865546600627488,5.002675648405183,4.4265634139718095,5.958655249393859,6.3219931877832405,-0.27075322872372104,-0.22941573387056183,0.0,0.0,0.0,2.773410528032496,2.5759380812775943,-0.08949255991925809,-0.13164629999183894,-0.4117882500110253,1.6435441037027703,1.2448536999526139,1.480351013053088,0.7218198550748622,-0.16012815380508716,-0.4445276036638913,3.1797973380564857,2.098905763822046,-1.0944415004020078,-0.14285714285714288,-0.2847473987257497,2.2495790852081776,0.551888922570716,1.1385618793149077,-0.06903184472775327,1.7742616083395053,0.0,0.0,0.0,0.0,0.0,0.0,1.98138010376834,0.34147681227466664,3.1016299535006975,1.9456096953378736,1.1442808941063516,-0.5371330720064299,2.8055460057364865,1.2746617443844204,0.07881916312388888,0.07967313397585121,0.07890156515800813,0.058270077033975985,4.514876865608508,0.39866588385683566,4.508359207810083,4.520726474142779,0.7593476176226064,-0.8010192021524585,-0.4257062607298062,-0.003007189260405954,1.2248238481691378,-0.3373748718812629,1.9411630488923135,1.5523776045460855
0.48280218345884285,-0.5717936757756602,-0.4087782201290008,-0.32273837985654075,-0.11809550287360965,0.1745018667123804,-0.15678068900720768,-0.09169655898606341,-0.20725222733937898,-0.4117882500110253,-0.15702160813421565,-0.1302671026219605,0.4344217203448417,-0.3760039791486757,0.24737483321696582,0.7241215835415609,4.007494814807959,-0.05810096776965204,-0.18407078322740766,-0.33356182385588434,-0.32585522716672977,-0.14853724429345525,-0.2972480408479927,-0.20088797967934421,-0.2403069165475459,-0.279704637555173,-0.14864796587107576,-0.25727077261006615,-0.3495933215247442,-0.2941919885549577,-0.26036850853406535,-0.27020232484779366,-0.22941573387056183,0.0,0.0,0.0,-0.05780396251535196,0.12661135098146162,-0.05443143915833245,-0.019950165903632945,-0.4117882500110253,0.12153456231741651,0.07428500616011176,0.23277670569965875,-0.13080352101729092,-0.16012815380508716,-0.4445276036638913,-0.3144854510165755,2.098905763822046,-1.0944415004020078,-0.14285714285714288,-0.2847473987257497,-0.4445276036638914,0.551888922570716,0.08049964288324635,-0.15702160813421565,0.24737483321696582,0.0,0.0,0.0,0.0,0.0,0.0,-0.11809550287360965,-0.15678068900720768,0.1745018667123804,-0.09169655898606341,1.1442808941063516,-0.5388979065028713,-0.08890086827315324,1.2746617443844204,-0.08372342095301777,-0.07376490539589507,-0.07956147994724865,-0.12704828537683235,-0.2620717643129237,-0.11839287202604867,-0.2635246497447018,-0.26009617986738126,0.7593476176226064,-0.8010192021524585,-0.4422353331712664,-0.8550441463753939,0.4957620337827463,1.9868948957365766,1.2270899650372262,2.9027178836387897
-1.6035340985834408,1.8521849808268442,-0.4087782201290008,-0.3227605577495281,-0.4680081039806013,-0.5009892302387697,-0.2565561339156427,-0.28448411999247825,-0.5100023847738482,-0.4117882500110253,-0.5997201052729793,-0.5470253644136008,-0.6374381250847041,-0.3760039791486757,-0.6394252708446829,-0.6393262976372862,-0.3499453845224995,0.15116643058859822,-0.18407733677976532,-0.333589612243277,-0.32586667380281314,-0.14853438713976208,-0.2972608967733543,-0.20090716208239723,-0.24033273795833937,-0.2797223842391659,-0.1486598708475823,-0.25728934112964524,-0.3496832464118788,-0.29423755816416164,-0.26040238606199867,-0.27075322872372104,-0.22941573387056183,0.0,0.0,0.0,-0.671233768800719,-0.5516637435620828,0.06447455264120479,0.23622809416096058,-0.4117882500110253,-0.6669374718609833,-0.7225261598111561,-0.7284003912860656,-0.3299846428599375,-0.16012815380508716,-0.4445276036638913,-0.3144854510165755,-0.47643873166512696,0.9137080416200247,7.000000000000001,-0.2847473987257497,-0.4445276036638914,0.551888922570716,-0.7811518560663556,-0.5997201052729793,-0.6394252708446829,0.0,0.0,0.0,0.0,0.0,0.0,-0.4680081039806013,-0.2565561339156427,-0.5009892302387697,-0.28448411999247825,-0.3354177391518637,-0.5326925206928033,-0.5023932788459589,1.2746617443844204,-0.08372342095301777,-0.07376490539589507,-0.07956147994724865,-0.12704828537683235,-0.2620717643129237,-0.11839287202604867,-0.2635246497447018,-0.26009617986738126,1.3653382800946237,-0.4957828962020474,1.7561313015429343,0.21417870176890472,0.5422978942754947,-0.6575548908898429,-0.3349449058957768,0.6570432890607055
0.7692033037700315,-0.5730296988866757,2.3668763609938437,-0.32274618172246666,-0.4680081039806013,-0.5009892302387697,-0.22990803372270666,-0.2611757878216207,-0.42914364707395886,2.609866144267829,-0.24501137154067792,-0.5470253644136008,-0.5078485126249844,0.8858978848884045,-0.21056292543782,-0.6393262976372862,0.6647512659610894,-0.10176191619336479,-0.18403408333420465,-0.333589612243277,-0.3258380177414458,-0.14849117269015305,-0.2972608967733543,-0.20090716208239723,-0.24033273795833937,-0.2797223842391659,-0.1486598708475823,-0.25728934112964524,-0.3496832464118788,-0.29423755816416164,-0.26040238606199867,-0.27075322872372104,-0.22941573387056183,0.0,0.0,0.0,-0.8127944933281115,-0.6647095926526736,-0.07217676631517518,-0.09027384266617045,2.609866144267829,-0.5716099103517096,-0.24779531619191061,-0.6773094365043448,-0.3294218748737807,-0.16012815380508716,-0.4445276036638913,-0.3144854510165755,-0.47643873166512696,-1.0944415004020078,-0.14285714285714288,-0.2847473987257497,-0.4445276036638914,0.551888922570716,-0.1073642817721754,-0.24501137154067792,-0.21056292543782,0.0,0.0,0.0,0.0,0.0,0.0,-0.4680081039806013,-0.22990803372270666,-0.5009892302387697,-0.2611757878216207,-0.36809072544012517,-0.5474374282598455,-0.5023932788459589,-0.03942252817683768,-0.08372342095301777,-0.07376490539589507,-0.07956147994724865,-0.12704828537683235,-0.2620717643129237,-0.11839287202604867,-0.2635246497447018,-0.26009617986738126,0.7593476176226064,-0.8010192021524585,-0.4587644056127265,0.18076548776439538,0.5422978942754947,-0.6575548908898429,-1.2870423510358928,-0.7960402721368784
0.013920867701000416,-0.5744946151663977,-0.4087782201290008,-0.32276222109150216,-0.6429644045340971,-0.275825531255053,-0.2565561339156427,-0.28448411999247825,-0.5100023847738482,-0.4117882500110253,-0.5997201052729793,-0.5470253644136008,-0.6374381250847041,-0.3760039791486757,-0.6394252708446829,-0.6393262976372862,-0.3499453845224995,3.143455095203309,-0.18408234131065665,-0.333589612243277,-0.3258699893801615,-0.1485393871587251,-0.2972608967733543,-0.20090716208239723,-0.24033273795833937,-0.2797223842391659,-0.1486598708475823,-0.25728916215596254,-0.34968064617417854,-0.29423755816416164,-0.2604019358622919,-0.27065306438264336,-0.22941573387056183,0.0,0.0,0.0,-0.9071683096797064,-0.17484424659344702,-0.08949346238127293,8.329518528239543,-0.4117882500110253,-0.6669374718609833,-0.7225261598111561,-0.7284003912860656,-0.3299846428599375,-0.16012815380508716,2.249579085208177,-0.3144854510165755,-0.47643873166512696,-1.0944415004020078,-0.14285714285714288,-0.2847473987257497,-0.4445276036638914,-1.200139403050605,-0.7811518560663556,-0.5997201052729793,-0.6394252708446829,0.0,0.0,0.0,0.0,0.0,0.0,-0.6429644045340971,-0.2565561339156427,-0.275825531255053,-0.28448411999247825,-0.36809072544012517,-0.547380498114799,-0.5023932788459589,-0.915478709884343,-0.08372342095301777,-0.07376490539589507,-0.07956147994724865,-0.12704828537683235,-0.2620717643129237,-0.11839287202604867,-0.2635246497447018,-0.26009617986738126,-1.4304822763103655,-0.48447784783351366,0.5660380857578031,-0.5710318273370646,0.5422978942754947,-0.6575548908898429,-0.26056229299420525,-0.45845520236370235
-1.6035340985834408,0.9816584816020432,-0.4087782201290008,-0.13969595192561318,0.05686079767988617,0.3996655656960971,0.32288511446564144,-0.042709555779515386,1.2482050512586282,-0.4117882500110253,1.3284930693764494,1.5490195500084287,0.03467071241824879,-0.3760039791486757,0.25028237454175817,0.29722327250332475,-0.3485837102667008,-0.13380068054499653,-0.11523335655627583,0.282806081001825,0.013277733537939162,-0.14853903001451346,-0.2843916816974747,-0.1881056736056887,-0.19608774922301858,-0.25747565945166295,-0.14865629935463034,-0.05238872538339004,0.3945467122404973,0.366080806884876,0.2231289814816616,0.15269152318225718,-0.22941573387056183,0.0,0.0,0.0,0.6971865682974075,0.8425683952218697,-0.08948733363159031,-0.1316304394219582,-0.4117882500110253,0.8437620198537786,0.7969399403522353,0.9432514568441313,0.27248200826408475,-0.16012815380508716,-0.4445276036638913,-0.3144854510165755,-0.47643873166512696,0.9137080416200247,-0.14285714285714288,-0.2847473987257497,-0.4445276036638914,0.551888922570716,0.8163184541759383,1.3284930693764494,0.25028237454175817,0.0,0.0,0.0,0.0,0.0,0.0,0.05686079767988617,0.32288511446564144,0.3996655656960971,-0.042709555779515386,-0.36809072544012517,-0.5353682375099885,-0.08890086827315324,-0.915478709884343,-0.08372342095301777,-0.07376490539589507,-0.07956147994724865,-0.12704828537683235,-0.2620717643129237,-0.11839287202604867,-0.2635246497447018,-0.26009617986738126,0.7593476176226064,-0.8010192021524585,-0.3761190434054258,-0.6712714693505926,-1.8465429443522559,1.5718467229476767,1.5841265069647696,-0.531843261010045
0.799431096597692,-0.555084474460081,-0.4087782201290008,-0.28966638900679104,0.4067733987868778,0.3996655656960971,0.02541794952123889,-0.1596462731112752,-0.24674137830909235,-0.4117882500110253,0.025832118944838944,-0.2648496955511226,-0.3145623109901483,-0.3760039791486757,-0.18003374152750093,-0.2737690671469283,-0.34619158897846947,-0.13372716591775213,-0.17412515983159504,-0.2894710316473629,-0.3093813864001462,-0.1485329585629155,-0.26430761088966,-0.18123924417027262,-0.2133282508867405,-0.2633093714008502,-0.1486068937021282,-0.21990070971699052,-0.2138820946731852,-0.29422764598759865,-0.23688721732900178,4.9593278406484025,-0.22941573387056183,0.0,0.0,0.0,0.64999966012161,0.3150210994657795,-0.08944261173623853,-0.13154749558825335,-0.4117882500110253,-0.42942642877855547,-0.09146153837936627,-0.38720779045095904,-0.30488655962645844,-0.16012815380508716,-0.4445276036638913,-0.3144854510165755,2.098905763822046,-1.0944415004020078,-0.14285714285714288,-0.2847473987257497,-0.4445276036638914,-1.200139403050605,-0.12975346135687227,0.025832118944838944,-0.18003374152750093,0.0,0.0,0.0,0.0,0.0,0.0,0.4067733987868778,0.02541794952123889,0.3996655656960971,-0.1596462731112752,1.1442808941063516,-0.547380498114799,1.1515763634452638,1.2746617443844204,-0.08372342095301777,-0.07376490539589507,-0.07956147994724865,-0.12704828537683235,-0.2620717643129237,-0.11839287202604867,-0.2635246497447018,-0.26009617986738126,0.2773095906562289,0.5895017471771921,-0.9546365788565312,3.104421713158962,0.5422978942754947,-0.6575548908898429,-0.3200683833154625,0.3488134427460665
0.5682482772363494,-0.5717936757756602,-0.4087782201290008,-0.32267857875223566,-0.4680081039806013,-0.5009892302387697,-0.2565561339156427,-0.28448411999247825,-0.5100023847738482,-0.4117882500110253,-0.5997201052729793,-0.5470253644136008,-0.6374381250847041,-0.3760039791486757,-0.6394252708446829,-0.6393262976372862,-0.3499453845224995,-0.12761822760531896,-0.18383068490012183,-0.333589612243277,-0.325703263204933,-0.1482879576337271,-0.2972608967733543,-0.20090716208239723,-0.24033273795833937,-0.2797223842391659,-0.1486598708475823,-0.25728934112964524,-0.3496832464118788,-0.29423755816416164,-0.26040238606199867,-0.27075322872372104,-0.22941573387056183,0.0,0.0,0.0,-0.671233768800719,-0.5516637435620828,-0.08614633161991471,-0.12365142118838345,-0.4117882500110253,-0.6669374718609833,-0.7225261598111561,-0.7284003912860656,-0.3299846428599375,-0.16012815380508716,-0.4445276036638913,-0.3144854510165755,-0.47643873166512696,0.9137080416200247,-0.14285714285714288,-0.2847473987257497,-0.4445276036638914,0.551888922570716,-0.7811518560663556,-0.5997201052729793,-0.6394252708446829,0.0,0.0,0.0,0.0,0.0,0.0,-0.4680081039806013,-0.2565561339156427,-0.5009892302387697,-0.28448411999247825,-0.36809072544012517,1.3163985904173607,-0.5023932788459589,-0.915478709884343,-0.08372342095301777,-0.07376490539589507,-0.07956147994724865,-0.12704828537683235,-0.2620717643129237,-0.11839287202604867,-0.2635246497447018,-0.26009617986738126,-1.3616197010294544,1.3243298911318855,-1.367863389893035,-1.0722300374047047,0.5422978942754947,-0.6575548908898429,-0.26056229299420525,-0.4144223671758968
-0.51071484901591,-0.4203121767256566,-0.4087782201290008,-0.18119459162942045,1.106598601000861,1.0751566626472473,0.4548861689097201,0.3634085030618667,0.7630526250592925,-0.4117882500110253,0.3472697233890717,0.3949281025127592,1.9389790853432822,-0.3760039791486757,0.8506896581113662,1.610028263944945,-0.3467720201385791,-0.13378043703402553,-0.15902764804355926,-0.21700497632250204,-0.2506258823264076,-0.1485334347551977,-0.1562937428507916,-0.15416539925553122,-0.13552105527811367,-0.18993272247650209,-0.1483872468855826,-0.10332548560200895,-0.030128984414534075,-0.1854575906359156,-0.15312463558917705,2.260650081162461,-0.22941573387056183,0.0,0.0,0.0,1.6881116399891543,0.8425683952218697,-0.08947364911148252,-0.13161087176620886,-0.4117882500110253,1.2283037086539,0.7187256645196489,0.9156027523345632,0.25271752485585186,-0.16012815380508716,-0.4445276036638913,-0.3144854510165755,2.098905763822046,-1.0944415004020078,-0.14285714285714288,-0.2847473987257497,-0.4445276036638914,-1.200139403050605,0.658326885031096,0.3472697233890717,0.8506896581113662,0.0,0.0,0.0,0.0,0.0,0.0,1.106598601000861,0.4548861689097201,1.0751566626472473,0.3634085030618667,1.1442808941063516,3.0307929783475176,1.5650687740180693,1.2746617443844204,-0.08372342095301777,-0.07376490539589507,-0.07956147994724865,-0.12704828537683235,-0.2620717643129237,-0.11839287202604867,-0.2635246497447018,-0.26009617986738126,-0.2873635266472418,-0.7897141537839247,2.549526778733022,2.6867565381025953,0.5422978942754947,-0.6575548908898429,-0.30519186073514815,-0.2823238616124801
-0.05498860271512577,-0.555084474460081,-0.4087782201290008,-0.31805646823339395,-0.11809550287360965,-0.5009892302387697,-0.2565561339156427,-0.28448411999247825,-0.5100023847738482,-0.4117882500110253,-0.5997201052729793,-0.5470253644136008,-0.6374381250847041,-0.3760039791486757,-0.6394252708446829,-0.6393262976372862,-0.3499453845224995,-0.13359279903676283,-0.17936322755414083,-0.3055284133024154,-0.3164998520246137,-0.14853522047625592,-0.2925749514143957,-0.19391523501130184,-0.21599749280833,-0.2703946171972887,-0.14865522790674476,-0.25728934112964524,-0.3496832464118788,-0.29423755816416164,-0.26040238606199867,-0.27075322872372104,-0.22941573387056183,0.0,0.0,0.0,-0.05780396251535196,-0.4386178944714921,-0.08931464978072168,-0.13150633102600257,-0.4117882500110253,-0.6669374718609833,-0.7225261598111561,-0.7284003912860656,-0.3299846428599375,-0.16012815380508716,-0.4445276036638913,-0.3144854510165755,2.098905763822046,-1.0944415004020078,-0.14285714285714288,-0.2847473987257497,-0.4445276036638914,-1.200139403050605,-0.7811518560663556,-0.5997201052729793,-0.6394252708446829,0.0,0.0,0.0,0.0,0.0,0.0,-0.11809550287360965,-0.2565561339156427,-0.5009892302387697,-0.28448411999247825,1.1442808941063516,-0.08100874989391038,-0.5023932788459589,1.2746617443844204,-0.08372342095301777,-0.07376490539589507,-0.07956147994724865,-0.12704828537683235,-0.2620717643129237,-0.11839287202604867,-0.2635246497447018,-0.26009617986738126,0.37371719604950443,1.6747863905564313,0.5990962306407234,-0.604445041341574,0.5422978942754947,-0.6575548908898429,-0.3200683833154625,0.950595523646076
0.9574156454691338,-0.5717936757756602,-0.4087782201290008,-0.3226900241291523,-0.4680081039806013,-0.5009892302387697,-0.2565561339156427,-0.28448411999247825,-0.5100023847738482,-0.4117882500110253,-0.5997201052729793,-0.5470253644136008,-0.6374381250847041,-0.3760039791486757,-0.6394252708446829,-0.6393262976372862,-0.3499453845224995,-0.12663825112635477,-0.183865120838874,-0.333589612243277,-0.325726077534782,-0.14832236252611555,-0.2972608967733543,-0.20090716208239723,-0.24033273795833937,-0.2797223842391659,-0.1486598708475823,-0.25728934112964524,-0.3496832464118788,-0.29423755816416164,-0.26040238606199867,-0.27075322872372104,-0.22941573387056183,0.0,0.0,0.0,-0.671233768800719,-0.5516637435620828,-0.08561687305941525,-0.12238638220600843,-0.4117882500110253,-0.6669374718609833,-0.7225261598111561,-0.7284003912860656,-0.3299846428599375,-0.16012815380508716,-0.4445276036638913,-0.3144854510165755,-0.47643873166512696,0.9137080416200247,-0.14285714285714288,-0.2847473987257497,-0.4445276036638914,0.551888922570716,-0.7811518560663556,-0.5997201052729793,-0.6394252708446829,0.0,0.0,0.0,0.0,0.0,0.0,-0.4680081039806013,-0.2565561339156427,-0.5009892302387697,-0.28448411999247825,-0.36809072544012517,1.3163985904173607,-0.5023932788459589,-0.915478709884343,-0.08372342095301777,-0.07376490539589507,-0.07956147994724865,-0.12704828537683235,-0.2620717643129237,-0.11839287202604867,-0.2635246497447018,-0.26009617986738126,-1.3616197010294544,1.3243298911318855,-1.367863389893035,-1.0722300374047047,0.5422978942754947,-0.6575548908898429,-0.26056229299420525,-0.4144223671758968
0.4341407980064019,-0.5730296988866757,2.3668763609938437,-0.3227419837641512,-0.4680081039806013,-0.5009892302387697,-0.2292883104624058,-0.2560400536144826,-0.4272632113134963,2.6801371766929187,-0.23676233122132206,-0.5470253644136008,-0.47929486920165637,1.1639440583203036,-0.11606783238207055,-0.6393262976372862,0.5665074592913857,-0.10835892931973272,-0.18402145285147894,-0.333589612243277,-0.32582964985575724,-0.14847855359467493,-0.2972608967733543,-0.20090716208239723,-0.24033273795833937,-0.2797223842391659,-0.1486598708475823,-0.25728934112964524,-0.3496832464118788,-0.29423755816416164,-0.26040238606199867,-0.27075322872372104,-0.22941573387056183,0.0,0.0,0.0,-0.8127944933281115,-0.6647095926526736,-0.07574097948606133,-0.09878984172455176,2.6801371766929187,-0.550605532392039,-0.1986852289209542,-0.6389912204180543,-0.32826116590233234,-0.16012815380508716,-0.4445276036638913,-0.3144854510165755,-0.47643873166512696,-1.0944415004020078,-0.14285714285714288,-0.2847473987257497,-0.4445276036638914,0.551888922570716,-0.03766211891415675,-0.23676233122132206,-0.11606783238207055,0.0,0.0,0.0,0.0,0.0,0.0,-0.4680081039806013,-0.2292883104624058,-0.5009892302387697,-0.2560400536144826,-0.36809072544012517,-0.5474374282598455,-0.5023932788459589,-0.03942252817683768,-0.08372342095301777,-0.07376490539589507,-0.07956147994724865,-0.12704828537683235,-0.2620717643129237,-0.11839287202604867,-0.2635246497447018,-0.26009617986738126,0.7593476176226064,-0.8010192021524585,-0.4091771882883461,0.29771173678017804,0.5422978942754947,-0.6575548908898429,-1.2870423510358928,-0.7960402721368784
0.500122337602932,-0.5551760317275637,-0.4087782201290008,-0.3226901825426737,-0.4680081039806013,-0.5009892302387697,-0.2565561339156427,-0.28448411999247825,-0.5100023847738482,-0.4117882500110253,-0.5997201052729793,-0.5470253644136008,-0.6374381250847041,-0.3760039791486757,-0.6394252708446829,-0.6393262976372862,-0.3499453845224995,-0.12662250742672668,-0.18386559746086364,-0.333589612243277,-0.32572639330405323,-0.14832283871839774,-0.2972608967733543,-0.20090716208239723,-0.24033273795833937,-0.2797223842391659,-0.1486598708475823,-0.25728934112964524,-0.3496832464118788,-0.29423755816416164,-0.26040238606199867,-0.27075322872372104,-0.22941573387056183,0.0,0.0,0.0,-0.671233768800719,-0.5516637435620828,-0.08560836710368983,-0.12236605886745508,-0.4117882500110253,-0.6669374718609833,-0.7225261598111561,-0.7284003912860656,-0.3299846428599375,6.244997998398399,-0.4445276036638913,-0.3144854510165755,-0.47643873166512696,0.9137080416200247,-0.14285714285714288,-0.2847473987257497,-0.4445276036638914,0.551888922570716,-0.7811518560663556,-0.5997201052729793,-0.6394252708446829,0.0,0.0,0.0,0.0,0.0,0.0,-0.4680081039806013,-0.2565561339156427,-0.5009892302387697,-0.28448411999247825,-0.36790613229725366,-0.5304153148909435,-0.5023932788459589,1.2746617443844204,-0.08372342095301777,-0.07376490539589507,-0.07956147994724865,-0.12704828537683235,-0.2620717643129237,-0.11839287202604867,-0.2635246497447018,-0.26009617986738126,0.7593476176226064,-0.8010192021524585,-0.4257062607298062,0.7654967328433087,-0.6831464320335462,1.1567985501587765,1.9262865263119993,1.816574615672919
0.7066033180778235,-0.5717936757756602,-0.4087782201290008,-0.32272123159285593,-0.4680081039806013,-0.5009892302387697,-0.2565561339156427,-0.28448411999247825,-0.5100023847738482,-0.4117882500110253,-0.5997201052729793,-0.5470253644136008,-0.6374381250847041,-0.3760039791486757,-0.6394252708446829,-0.6393262976372862,-0.3499453845224995,-0.1211964315006275,-0.1839590153708349,-0.333589612243277,-0.3257882840812214,-0.14841617240570762,-0.2972608967733543,-0.20090716208239723,-0.24033273795833937,-0.2797223842391659,-0.1486598708475823,-0.25728934112964524,-0.3496832464118788,-0.29423755816416164,-0.26040238606199867,-0.27075322872372104,-0.22941573387056183,0.0,0.0,0.0,-0.671233768800719,-0.5516637435620828,-0.0826767841415867,-0.11536160752072772,-0.4117882500110253,-0.6669374718609833,-0.7225261598111561,-0.7284003912860656,-0.3299846428599375,-0.16012815380508716,-0.4445276036638913,-0.3144854510165755,-0.47643873166512696,0.9137080416200247,-0.14285714285714288,-0.2847473987257497,-0.4445276036638914,0.551888922570716,-0.7811518560663556,-0.5997201052729793,-0.6394252708446829,0.0,0.0,0.0,0.0,0.0,0.0,-0.4680081039806013,-0.2565561339156427,-0.5009892302387697,-0.28448411999247825,-0.36809072544012517,1.3163985904173607,-0.5023932788459589,-0.915478709884343,-0.08372342095301777,-0.07376490539589507,-0.07956147994724865,-0.12704828537683235,-0.2620717643129237,-0.11839287202604867,-0.2635246497447018,-0.26009617986738126,-1.3616197010294544,1.3243298911318855,-0.9876947237394516,-0.37055254331000864,0.5422978942754947,-0.6575548908898429,-0.26056229299420525,-0.4144223671758968
0.916548329381533,-0.5730296988866757,2.3668763609938437,-0.3190126522481906,-0.29305180342710546,-0.275825531255053,-0.2181332917769907,-0.19915192085849134,-0.4517088761995094,1.7666137551667536,-0.343999855372948,-0.5470253644136008,-0.40022324126013253,1.9339180770547932,0.14561088684923565,-0.6393262976372862,-0.33799899322203436,-0.13353653481228306,-0.18032219099731517,-0.32181471498349185,-0.3213656986101874,-0.1484903393536592,-0.29354348370544336,-0.18981361357813256,-0.24033273795833937,-0.272320132410518,-0.13743752569393025,-0.25471757879622864,-0.3123191307777394,-0.29423755816416164,-0.25393324137578555,1.168558270392294,-0.22941573387056183,0.0,0.0,0.0,-0.7184206769765165,-0.5893456932589464,-0.08934385572549815,-0.13129128753945526,1.7666137551667536,-0.49243956265756694,-0.1155254811421348,-0.4951426767747417,-0.3182542278172372,-0.16012815380508716,-0.4445276036638913,-0.3144854510165755,-0.47643873166512696,-1.0944415004020078,-0.14285714285714288,-0.2847473987257497,-0.4445276036638914,0.551888922570716,-0.0632195786287636,-0.343999855372948,0.14561088684923565,0.0,0.0,0.0,0.0,0.0,0.0,-0.29305180342710546,-0.2181332917769907,-0.275825531255053,-0.19915192085849134,-0.36809072544012517,-0.5474374282598455,-0.08890086827315324,-0.03942252817683768,-0.08372342095301777,-0.07376490539589507,-0.07956147994724865,-0.12704828537683235,-0.2620717643129237,-0.11839287202604867,-0.2635246497447018,-0.26009617986738126,0.7593476176226064,-0.8010192021524585,-0.4091771882883461,0.48148441380497936,0.5422978942754947,-0.6575548908898429,-1.2870423510358928,-0.7960402721368784
